name,email,contact,address,jurisdiction__slug,url,other_names,parent__name,classification,tags,request_note,website_dump,description
Bezirkssparkasse Reichenau,info@spk-reichenau.de,"Tel:+497534/800-0, Fax:+497534/800-111","78479, Reichenau, Abt-Berno-Str. 1",baden-wurttemberg,www.spk-reichenau.de,,,Sparkasse,,,,
Hohenzollerische Landesbank Kreissparkasse Sigmaringen,info@ksk-sigmaringen.de,"Tel:+497571/103-0, Fax:+497571/103-1270","72488, Sigmaringen, Leopoldplatz 5",baden-wurttemberg,www.ksk-sigmaringen.de,,,Sparkasse,,,,
Kreissparkasse Biberach,info@ksk-bc.de,"Tel:+497351/570-0, Fax:+497351/570-2340","88400, Biberach, Zeppelinring 27-29",baden-wurttemberg,www.ksk-bc.de,,,Sparkasse,,,,
Kreissparkasse Böblingen,info@kskbb.de,"Tel:+497031/771388, Fax:+497031/771745","71034, Böblingen, Wolfgang-Brumme-Allee 1",baden-wurttemberg,www.kskbb.de,,,Sparkasse,,,,
Kreissparkasse Esslingen-Nürtingen,kundenservice@ksk-es.de,"Tel:+49711/398-5000, Fax:+49711/398-5100","73728, Esslingen, Bahnhofstr. 8",baden-wurttemberg,www.ksk-es.de,,,Sparkasse,,,,
Kreissparkasse Freudenstadt,info@ksk-fds.de,"Tel:+497441/533-0, Fax:+497441/533-100","72250, Freudenstadt, Stuttgarter Straße 31",baden-wurttemberg,www.ksk-fds.de,,,Sparkasse,,,,
Kreissparkasse Göppingen,info@ksk-gp.de,"Tel:+49800/2241624, Fax:+497161/603-96531","73033, Göppingen, Marktstr. 2",baden-wurttemberg,www.ksk-gp.de,,,Sparkasse,,,,
Kreissparkasse Heidenheim,info@ksk-heidenheim.de,"Tel:+497321/344-6110, Fax:+497321/344-86110","89518, Heidenheim, Olgastraße 2",baden-wurttemberg,www.ksk-heidenheim.de,,,Sparkasse,,,,
Kreissparkasse Heilbronn,info@ksk-hn.de,"Tel:+49800/1620500, Fax:+497131/638-20100","74072, Heilbronn, Am Wollhaus 14",baden-wurttemberg,www.ksk-hn.de,,,Sparkasse,,,,
Kreissparkasse Ludwigsburg,info@ksklb.de,"Tel:+497141/148-0, Fax:+497141/1485100","71638, Ludwigsburg, Schillerplatz 6",baden-wurttemberg,www.ksklb.de,,,Sparkasse,,,,
Kreissparkasse Ostalb,info@ksk-ostalb.de,"Tel:+497361/508-0, Fax:","73430, Aalen, Bahnhofstr. 4",baden-wurttemberg,www.ksk-ostalb.de,,,Sparkasse,,,,
Kreissparkasse Ravensburg,info@ksk-rv.de,"Tel:+49751/84-0, Fax:+49751/84-1100","88213, Ravensburg, Meersburger Str. 1",baden-wurttemberg,www.ksk-rv.de,,,Sparkasse,,,,
Kreissparkasse Reutlingen,info@ksk-reutlingen.de,"Tel:+497121/331-0, Fax:+497121/331-1399","72764, Reutlingen, Marktplatz 6",baden-wurttemberg,www.ksk-reutlingen.de,,,Sparkasse,,,,
Kreissparkasse Rottweil,info@sparkasse-rottweil.de,"Tel:+49741/242-0, Fax:+49741/242-4009","78628, Rottweil, Königstr. 44",baden-wurttemberg,www.sparkasse-rottweil.de,,,Sparkasse,,,,
Kreissparkasse Tübingen,info@ksk-tuebingen.de,"Tel:+497071/205-0, Fax:+497071/205-105","72074, Tübingen, Am Lustnauer Tor 3",baden-wurttemberg,www.ksk-tuebingen.de,,,Sparkasse,,,,
Kreissparkasse Tuttlingen,info@ksk-tut.de,"Tel:+497461/700-0, Fax:+497461/700-1424","78532, Tuttlingen, Bahnhofstraße 89",baden-wurttemberg,www.ksk-tut.de,,,Sparkasse,,,,
Kreissparkasse Waiblingen,info@kskwn.de,"Tel:+497151/5050, Fax:+497151/5051","71332, Waiblingen, Alter Postplatz 8",baden-wurttemberg,www.kskwn.de,,,Sparkasse,,,,
Sparkasse Baden-Baden Gaggenau,info@spk-bbg.de,"Tel:+497221/2740, Fax:+497221/274-32720","76530, Baden-Baden, Sophienstr. 1",baden-wurttemberg,www.spk-bbg.de,,,Sparkasse,,,,
Sparkasse Bodensee,info@sparkasse-bodensee.de,"Tel:+497541/7040, Fax:+497541/7044354","88045, Friedrichshafen, Charlottenstr. 2",baden-wurttemberg,www.sparkasse-bodensee.de,,,Sparkasse,,,,
Sparkasse Bonndorf-Stühlingen,info@spk-bs.de,"Tel:+497703/831-0, Fax:+497703/831-300","79848, Bonndorf, Martinstr. 10",baden-wurttemberg,www.spk-bs.de,,,Sparkasse,,,,
Sparkasse Bühl,info@spk-buehl.de,"Tel:+497223/288-0, Fax:+497223/288-188","77815, Bühl, Eisenbahnstr. 18",baden-wurttemberg,www.spk-buehl.de,,,Sparkasse,,,,
Sparkasse Freiburg-Nördlicher Breisgau,info@sparkasse-freiburg.de,"Tel:+49761/215-0, Fax:+49761/215-1999","79098, Freiburg, Kaiser-Joseph-Str. 186-190",baden-wurttemberg,www.sparkasse-freiburg.de,,,Sparkasse,,,,
Sparkasse Gengenbach,Kontakt@Spk-Gengenbach.de,"Tel:+497803/83-0, Fax:+497803/83-249","77723, Gengenbach, Hauptstr. 29",baden-wurttemberg,www.Spk-Gengenbach.de,,,Sparkasse,,,,
Sparkasse Hanauerland,mail@sparkasse-kehl.de,"Tel:+497851/860-0, Fax:+497851/860-4000","77694, Kehl, Hauptstr. 88",baden-wurttemberg,www.sparkasse-kehl.de,,,Sparkasse,,,,
Sparkasse Haslach-Zell,info@sparkasse-haslach-zell.de,"Tel:+497832/701-0, Fax:+497832/701-184","77716, Haslach i.K., Hauptstr. 12",baden-wurttemberg,www.sparkasse-haslach-zell.de,,,Sparkasse,,,,
Sparkasse Hegau-Bodensee,postkorb.hauptstelle-singen@spk-sira.de,"Tel:+497731/8210, Fax:+497731/8211900","78224, Singen, Erzbergerstr. 2a",baden-wurttemberg,www.spk-sira.de,,,Sparkasse,,,,
Sparkasse Heidelberg,info@sparkasse-heidelberg.de,"Tel:+496221/5110, Fax:+496221/511-9138","69117, Heidelberg, Hauptstr. 131",baden-wurttemberg,www.sparkasse-heidelberg.de,,,Sparkasse,,,,
Sparkasse Hochrhein,service@sparkasse-hochrhein.de,"Tel:+497751/8820, Fax:+497751/882-1950","79761, Waldshut-Tiengen, Bismarckstraße 7",baden-wurttemberg,www.sparkasse-hochrhein.de,,,Sparkasse,,,,
Sparkasse Hochschwarzwald,info@spk-hsw.de,"Tel:+497661/9000, Fax:+497661/900204","79199, Kirchzarten, Hauptstraße 5",baden-wurttemberg,www.spk-hsw.de,,,Sparkasse,,,,
Sparkasse Hohenlohekreis,Info@spk-hohenlohekreis.de,"Tel:+497941/600-0, Fax:+497941/600-311","74613, Öhringen, Bahnhofstrasse 3 - 5",baden-wurttemberg,www.spk-hohenlohekreis.de,,,Sparkasse,,,,
Sparkasse Karlsruhe Ettlingen,info@spk-karlsruhe-ettlingen.de,"Tel:+49721/146-0, Fax:+49721/146-1930","76133, Karlsruhe, Kaiserstraße 223",baden-wurttemberg,www.spk-karlsruhe-ettlingen.de,,,Sparkasse,,,,
Sparkasse Kraichgau,kontakt@sparkasse-kraichgau.de,"Tel:+497251/77-3222, Fax:+497251/77-3223","76646, Bruchsal, Friedrichsplatz 2",baden-wurttemberg,www.sparkasse-kraichgau.de,,,Sparkasse,,,,
Sparkasse Lörrach-Rheinfelden,info@sparkasse-loerrach.de,"Tel:+497621/411 0, Fax:+497621/411400","79539, Lörrach, Haagener Straße 2",baden-wurttemberg,www.sparkasse-loerrach.de,,,Sparkasse,,,,
Sparkasse Markgräflerland,kontakt@spk-mgl.de,"Tel:+497631/87-0, Fax:+497631/87-1489","79379, Müllheim, Werderstr. 42-44",baden-wurttemberg,www.spk-mgl.de,,,Sparkasse,,,,
Sparkasse Neckartal-Odenwald,kontakt@spk-ntow.de,"Tel:+496261/860, Fax:+496261/861223","74821, Mosbach, Hauptstraße 5",baden-wurttemberg,www.spk-ntow.de,,,Sparkasse,,,,
Sparkasse Offenburg/Ortenau,mail@sparkasse-offenburg.de,"Tel:+49781/2000, Fax:+49781/2002739","77654, Offenburg, Bertha-von-Suttner-Str. 8",baden-wurttemberg,www.sparkasse-offenburg.de,,,Sparkasse,,,,
Sparkasse Pforzheim Calw,info@sparkasse-pforzheim-calw.de,"Tel:+497231/99-1711000, Fax:+497231/99-4399","75172, Pforzheim, Poststr. 3",baden-wurttemberg,www.sparkasse-pforzheim-calw.de,,,Sparkasse,,,,
Sparkasse Pfullendorf-Meßkirch,info@sparkasse-pm.de,"Tel:+497575/201-0, Fax:+497575/201-371","88605, Meßkirch, Conradin-Kreutzer-Straße 21",baden-wurttemberg,www.sparkasse-pm.de,,,Sparkasse,,,,
Sparkasse Rastatt-Gernsbach,info@spk-rastatt-gernsbach.de,"Tel:+497222/3840, Fax:+497222/384386","76437, Rastatt, Kaiserstr. 37",baden-wurttemberg,www.spk-rastatt-gernsbach.de,,,Sparkasse,,,,
Sparkasse Rhein Neckar Nord,box@sparkasse-rhein-neckar-nord.de,"Tel:+49621/298-0, Fax:+49621/2984444","68159, Mannheim, D 1",baden-wurttemberg,www.sparkasse-rhein-neckar-nord.de,,,Sparkasse,,,,
Sparkasse Salem-Heiligenberg,GS-Salem@spk-salem.de,"Tel:+497553/8210, Fax:+497553/821-333","88682, Salem, Schloßseeallee 30",baden-wurttemberg,www.spk-salem.de,,,Sparkasse,,,,
Sparkasse Schönau-Todtnau,info@spk-st.de,"Tel:+497673/8206-0, Fax:+497673/8206-9001","79677, Schönau, Talstr. 20",baden-wurttemberg,www.spk-st.de,,,Sparkasse,,,,
Sparkasse Schopfheim-Zell,mail@sparkasse-schopfheim-zell.de,"Tel:+497622/696-0, Fax:+497622/696-482","79669, Zell, Schönauer Straße 13",baden-wurttemberg,www.sparkasse-schopfheim-zell.de,,,Sparkasse,,,,
Sparkasse Schwäbisch Hall – Crailsheim,info@sparkasse-sha.de,"Tel:+49791/7540, Fax:+49791/754550","74523, Schwäbisch Hall, Hafenmarkt 1",baden-wurttemberg,www.sparkasse-sha.de,,,Sparkasse,,,,
Sparkasse Schwarzwald-Baar,info@spk-swb.de,"Tel:+497720/396 - 0, Fax:+497720/396-51099","78054, Villingen-Schwenningen, Harzerstraße 22-24",baden-wurttemberg,www.spk-swb.de,,,Sparkasse,,,,
Sparkasse St. Blasien,service@spk-stb.de,"Tel:+497672/415-0, Fax:+497672/415-28","79837, St. Blasien, Bernau-Menzenschwander Straße 1",baden-wurttemberg,www.spk-stb.de,,,Sparkasse,,,,
Sparkasse Staufen-Breisach,kontfor@sparkasse-staufen-breisach.de,"Tel:+497667/94500, Fax:+497667/9450-9941","79206, Breisach, Neutorplatz 8",baden-wurttemberg,www.sparkasse-staufen-breisach.de,,,Sparkasse,,,,
Sparkasse Tauberfranken,info@sparkasse-tauberfranken.de,"Tel:+499341/84-0, Fax:+499341/84-2600","97941, Tauberbischofsheim, Hauptstr. 68",baden-wurttemberg,www.sparkasse-tauberfranken.de,,,Sparkasse,,,,
Sparkasse Ulm,kontakt@sparkasse-ulm.de,"Tel:+49731/101-0, Fax:+49731/101-1810","89073, Ulm, Neue Straße 66",baden-wurttemberg,www.sparkasse-ulm.de,,,Sparkasse,,,,
Sparkasse Wolfach,post@sparkasse-wolfach.de,"Tel:+497834/972-0, Fax:+497834/972-109","77709, Wolfach, Bahnhofstr. 4",baden-wurttemberg,www.sparkasse-wolfach.de,,,Sparkasse,,,,
Sparkasse Zollernalb,info@spkza.de,"Tel:+497433/13-7159, Fax:+497433/7661","72336, Balingen, Friedrichstraße 3",baden-wurttemberg,www.spkza.de,,,Sparkasse,,,,
Kreis- und Stadtsparkasse Dillingen a. d. Donau,info@sparkasse-dillingen.de,"Tel:+499071/504-0, Fax:+499071/504-200","89407, Dillingen, Königstraße 36",bayern,www.sparkasse-dillingen.de,,,Sparkasse,,,,
Kreis- und Stadtsparkasse Dinkelsbühl,info@sparkasse-dinkelsbuehl.de,"Tel:+499851/908-0, Fax:+499851/908-109","91550, Dinkelsbühl, Mönchsrother Strasse 3",bayern,www.sparkasse-dinkelsbuehl.de,,,Sparkasse,,,,
Kreis- und Stadtsparkasse Erding – Dorfen,info@spked.de,"Tel:+498122/5511-0, Fax:+498122/5511-4899","85435, Erding, Alois-Schießl-Platz 4",bayern,www.spked.de,,,Sparkasse,,,,
Kreis- und Stadtsparkasse Kaufbeuren,info@sparkasse-kaufbeuren.de,"Tel:+498341/8080, Fax:+498341/808-294","87600, Kaufbeuren, Neuer Markt 5",bayern,www.sparkasse-kaufbeuren.de,,,Sparkasse,,,,
Kreis- und Stadtsparkasse Wasserburg am Inn,info@sparkasse-wasserburg.de,"Tel:+498071/101-392, Fax:+498071/101-319","83512, Wasserburg a. Inn, Rosenheimer Straße 2",bayern,www.sparkasse-wasserburg.de,,,Sparkasse,,,,
Kreissparkasse Augsburg,info@kreissparkasse-augsburg.de,"Tel:+49821/32510, Fax:+49821/32511461","86150, Augsburg, Martin-Luther-Platz 5",bayern,www.kreissparkasse-augsburg.de,,,Sparkasse,,,,
Kreissparkasse Garmisch-Partenkirchen,info@sparkasse-garmisch.de,"Tel:+498821/707-0, Fax:+498821/707-900","82467, Garmisch-Partenkirchen, Bahnhofstr. 40+42",bayern,www.sparkasse-garmisch.de,,,Sparkasse,,,,
Kreissparkasse Höchstadt,kontakt@ksk-hoechstadt.de,"Tel:+499193/30-0, Fax:+499193/30-29 11 11","91315, Höchstadt, Marktplatz 1",bayern,www.ksk-hoechstadt.de,,,Sparkasse,,,,
Kreissparkasse Kelheim,zentrale@kreissparkasse-kelheim.de,"Tel:+499441/299-400, Fax:+499441/299-467","93309, Kelheim, Ludwigsplatz 1",bayern,www.kreissparkasse-kelheim.de,,,Sparkasse,,,,
Kreissparkasse Miesbach-Tegernsee,gs-tegernsee@ksk-mbteg.de,"Tel:+498022/1840, Fax:+498022/18450","83684, Tegernsee, Rathausplatz 5",bayern,www.ksk-mbteg.de,,,Sparkasse,,,,
Kreissparkasse München Starnberg Ebersberg,service@kskmse.de,"Tel:+4989/238010, Fax:+4989/238012623","80336, München, Sendlinger-Tor-Platz 1",bayern,www.kskmse.de,,,Sparkasse,,,,
Kreissparkasse Schongau,service@sparkasse-schongau.de,"Tel:+498861/216-700, Fax:+498861/216-90700","86956, Schongau, Münzstraße 36",bayern,www.sparkasse-schongau.de,,,Sparkasse,,,,
Kreissparkasse Traunstein-Trostberg,info@spk-ts.de,"Tel:+49861/66-0, Fax:+49861/66-2799","83278, Traunstein, Ludwig-Thoma-Str. 4",bayern,www.spk-ts.de,,,Sparkasse,,,,
Sparkasse Aichach-Schrobenhausen,info@spk-aic-sob.de,"Tel:+498252/95-5808, Fax:+498252/955899","86529, Schrobenhausen, Lenbachplatz 1",bayern,www.spk-aic-sob.de,,,Sparkasse,,,,
Sparkasse Allgäu,Info@sparkasse-allgaeu.de,"Tel:+49831/2051-0, Fax:+49831/2051-1284","87435, Kempten, Königstr. 18-20",bayern,www.sparkasse-allgaeu.de,,,Sparkasse,,,,
Sparkasse Altötting-Mühldorf,info@spk-aoe-mue.de,"Tel:+498631/611-0, Fax:+498631/611-3009","84453, Mühldorf, Katharinenplatz 17",bayern,www.spk-aoe-mue.de,,,Sparkasse,,,,
Sparkasse Amberg-Sulzbach,info@sparkasse-amberg-sulzbach.de,"Tel:+499661/5300, Fax:+499661/5308289","92237, Sulzbach-Rosenberg, Sparkassenplatz 1",bayern,www.sparkasse-amberg-sulzbach.de,,,Sparkasse,,,,
Sparkasse Aschaffenburg-Alzenau,info@spk-aschaffenburg.de,"Tel:+496021/397-0, Fax:+496021/3971207","63739, Aschaffenburg, Friedrichstr. 7",bayern,www.spk-aschaffenburg.de,,,Sparkasse,,,,
Sparkasse Bad Kissingen,info@spk-kg.de,"Tel:+49971/828-0, Fax:+49971/828-1000","97688, Bad Kissingen, Von-Hessing-Str. 10",bayern,www.spk-kg.de,,,Sparkasse,,,,
Sparkasse Bad Neustadt a. d. Saale,mail@sparkasse-badneustadt.de,"Tel:+499771/602-0, Fax:+499771/602-444","97616, Bad Neustadt, Meininger Str. 31 - 37",bayern,www.sparkasse-badneustadt.de,,,Sparkasse,,,,
Sparkasse Bad Tölz – Wolfratshausen,mail@spktw.de,"Tel:+498041/80070, Fax:+498041/800718","83646, Bad Tölz, Bahnhofplatz 1",bayern,www.spktw.de,,,Sparkasse,,,,
Sparkasse Bamberg,info@sparkasse-bamberg.de,"Tel:+49951/1898-0, Fax:+49951/1898-3399","96050, Bamberg, Carl-Meinelt-Str. 10",bayern,www.sparkasse-bamberg.de,,,Sparkasse,,,,
Sparkasse Bayreuth,service@sparkasse-bayreuth.de,"Tel:+49921/284-0, Fax:+49921/284-50","95444, Bayreuth, Opernstraße 12",bayern,www.sparkasse-bayreuth.de,,,Sparkasse,,,,
Sparkasse Berchtesgadener Land,info@sparkasse-bgl.de,"Tel:+498651/7070, Fax:+498651/707280","83435, Bad Reichenhall, Bahnhofstr. 17",bayern,www.sparkasse-bgl.de,,,Sparkasse,,,,
Sparkasse Coburg – Lichtenfels,Breiter Rasen,"Tel:+499571/15-0, Fax:+499571/157002","96215, Lichtenfels, Theodor-Heuss-Str. 32",bayern,www.sparkasse-co-lif.de,,,Sparkasse,,,,
Sparkasse Dachau,gebietsdirektion-altomuenster@sparkasse-dachau.de,"Tel:+498254/9988-0, Fax:+498254/9988-99","85250, Altomünster, Herzog-Georg-Straße 3",bayern,www.sparkasse-dachau.de,,,Sparkasse,,,,
Sparkasse Deggendorf,email@sparkassedeggendorf.de,"Tel:+49991/3611-0, Fax:+49991/3611-181","94469, Deggendorf, Oberer Stadtplatz 27",bayern,www.sparkassedeggendorf.de,,,Sparkasse,,,,
Sparkasse Donauwörth,info@spk-don.de,"Tel:+49906/781-0, Fax:+49906/781-164","86609, Donauwörth, Reichsstraße 31/33",bayern,www.spk-don.de,,,Sparkasse,,,,
Sparkasse Eichstätt,info@sparkasse-eichstaett.de,"Tel:+498421/6040, Fax:+498421/901291","85072, Eichstaett, Gabrielistraße 5",bayern,www.sparkasse-eichstaett.de,,,Sparkasse,,,,
Sparkasse Erlangen,info@sparkasse-erlangen.de,"Tel:+499131/824210, Fax:+499131/824844","91054, Erlangen, Hugenottenplatz 5",bayern,www.sparkasse-erlangen.de,,,Sparkasse,,,,
Sparkasse Forchheim,info@spk-forchheim.de,"Tel:+499191/880, Fax:+499191/88314","91301, Forchheim, Klosterstr. 14",bayern,www.spk-forchheim.de,,,Sparkasse,,,,
Sparkasse Freising,hauptstelle@sparkasse-freising.de,"Tel:+498161/560, Fax:+498161/56270","85354, Freising, Untere Hauptstraße 29",bayern,www.sparkasse-freising.de,,,Sparkasse,,,,
Sparkasse Freyung-Grafenau,info@spk-frg.de,"Tel:+498552/971-0, Fax:+498552/971-1019","94481, Grafenau, Freyunger Straße 5",bayern,www.spk-frg.de,,,Sparkasse,,,,
Sparkasse Fürstenfeldbruck,info@sparkasse-ffb.de,"Tel:+4989/840030, Fax:+4989/8400340","82110, Germering, Otto-Wagner-Str. 1",bayern,www.sparkasse-ffb.de,,,Sparkasse,,,,
Sparkasse Fürth,info@sparkasse-fuerth.de,"Tel:+49911/7878-0, Fax:+49911/7878-2900","90762, Fürth, Maxstraße 32",bayern,www.sparkasse-fuerth.de,,,Sparkasse,,,,
Sparkasse Günzburg-Krumbach,info@spk-gz-kru.de,"Tel:+498221/92-2111, Fax:+498221/92-3110","89312, Günzburg, An der Kapuzinermauer 2",bayern,www.spk-gz-kru.de,,,Sparkasse,,,,
Sparkasse Hochfranken,info@sparkasse-hochfranken.de,"Tel:+499281/817-0, Fax:+499281/817-95555","95100, Selb, Hanns-Braun-Str. 1a",bayern,www.sparkasse-hochfranken.de,,,Sparkasse,,,,
Sparkasse im Landkreis Cham,service@spk-cham.de,"Tel:+499971/481-0, Fax:+499971/481-22222","93413, Cham, Further Straße 1",bayern,www.spk-cham.de,,,Sparkasse,,,,
Sparkasse im Landkreis Neustadt a. d. Aisch - Bad Windsheim,info@sparkasse-nea.de,"Tel:+499161/910, Fax:+499161/91199","91413, Neustadt a.d. Aisch, Sparkassenplatz 1",bayern,www.sparkasse-nea.de,,,Sparkasse,,,,
Sparkasse im Landkreis Schwandorf,mailservice@sparkasse-schwandorf.de,"Tel:+499431/720-3110, Fax:+499431/720-3199","92421, Schwandorf, Postgartenstr. 4-6",bayern,www.sparkasse-schwandorf.de,,,Sparkasse,,,,
Sparkasse Ingolstadt,info@sparkasse-ingolstadt.de,"Tel:+49841/304-4040, Fax:+49841/32656","85049, Ingolstadt, Rathausplatz 6",bayern,www.sparkasse-ingolstadt.de,,,Sparkasse,,,,
Sparkasse Kulmbach-Kronach,service@s-kukc.de,"Tel:+499221/8850, Fax:+499221/8851010","95326, Kulmbach, Fritz-Hornschuch-Str. 10",bayern,www.s-kukc.de,,,Sparkasse,,,,
Sparkasse Landsberg-Dießen,hauptstelle@sparkasse-landsberg.de,"Tel:+498191/124-2700, Fax:+498191/124-2701","86899, Landsberg am Lech, Hauptplatz 1 - 7",bayern,www.sparkasse-landsberg.de,,,Sparkasse,,,,
Sparkasse Landshut,sc@sparkasse-landshut.de,"Tel:+49871/8250, Fax:+49871/825449","84028, Landshut, Bischof-Sailer-Platz 431",bayern,www.sparkasse-landshut.de,,,Sparkasse,,,,
Sparkasse Mainfranken Würzburg,internetfiliale@sparkasse-mainfranken.de,"Tel:+49931/382-0, Fax:+49931/382-7740","97070, Würzburg, Hofstr. 7-9",bayern,www.sparkasse-mainfranken.de,,,Sparkasse,,,,
Sparkasse Memmingen-Lindau-Mindelheim,gs-kra@spk-mm-li-mn.de,"Tel:+498331/609-940, Fax:+498331/609-959","87700, Memmingen, Kramerstr. 15",bayern,www.spk-mm-li-mn.de,,,Sparkasse,,,,
Sparkasse Miltenberg-Obernburg,kontakt@s-mil.de,"Tel:+496022/5010, Fax:+496022/501-7965","63785, Obernburg, Römerstr. 18-24",bayern,www.s-mil.de,,,Sparkasse,,,,
Sparkasse Mittelfranken-Süd,info@spkmfrs.de,"Tel:+499122/883110, Fax:+499122/883119","91126, Schwabach, Nördliche Ringstr. 2a-c",bayern,www.spkmfrs.de,,,Sparkasse,,,,
Sparkasse Neu-Ulm – Illertissen,info@sparkasse-neu-ulm-illertissen.de,"Tel:+49731/709-0, Fax:+49731/709-209","89257, Illertissen, Hauptstr. 36-38",bayern,www.sparkasse-neu-ulm-illertissen.de,,,Sparkasse,,,,
Sparkasse Neuburg-Rain,info@spk-nd-rain.de,"Tel:+498431/505-0, Fax:+498431/505-250","86633, Neuburg a. d. Donau, Theresienstr. B 186",bayern,www.spk-nd-rain.de,,,Sparkasse,,,,
Sparkasse Neumarkt-Parsberg,kontakt@sk-neumarkt.de,"Tel:+499181/210-0, Fax:+499181/210-201","92318, Neumarkt, Obere Marktstraße 52",bayern,www.sk-neumarkt.de,,,Sparkasse,,,,
Sparkasse Niederbayern-Mitte,info@sparkasse-niederbayern-mitte.de,"Tel:+499421/863-0, Fax:+499421/80245","94315, Straubing, Theresienplatz 12/24",bayern,www.sparkasse-niederbayern-mitte.de,,,Sparkasse,,,,
Sparkasse Nördlingen,info@sparkasse-noerdlingen.de,"Tel:+499081/8020, Fax:+499081/802186","86720, Nördlingen, Bei den Kornschrannen 1",bayern,www.sparkasse-noerdlingen.de,,,Sparkasse,,,,
Sparkasse Nürnberg,info@sparkasse-nuernberg.de,"Tel:+49911/230-1000, Fax:+49911/230-4758","90402, Nürnberg, Marientorgraben 15",bayern,www.sparkasse-nuernberg.de,,,Sparkasse,,,,
Sparkasse Oberpfalz Nord,service@sparkasse-oberpfalz-nord.de,"Tel:+49961/83-300, Fax:+49961/83-200","92637, Weiden i. d. OPf., Sparkassenplatz 1",bayern,www.sparkasse-oberpfalz-nord.de,,,Sparkasse,,,,
Sparkasse Ostunterfranken,info@spk-ostunterfranken.de,"Tel:+499521/58-0, Fax:+499521/58-499","97437, Haßfurt, Marktplatz 14/15",bayern,www.spk-ostunterfranken.de,,,Sparkasse,,,,
Sparkasse Passau,info@sparkasse-passau.de,"Tel:+49851/398-0, Fax:+49851/35491","94032, Passau, Nikolastr. 1",bayern,www.sparkasse-passau.de,,,Sparkasse,,,,
Sparkasse Pfaffenhofen,info@spk-paf.de,"Tel:+498441/755-0, Fax:+498441/755107","85276, Pfaffenhofen, Sparkassenplatz 11-13",bayern,www.spk-paf.de,,,Sparkasse,,,,
Sparkasse Regen-Viechtach,Regen@sparkasse-regen-viechtach.de,"Tel:+499921/602-200, Fax:+499921/602-99-294","94209, Regen, Ludwigsbrücke 2",bayern,www.sparkasse-regen-viechtach.de,,,Sparkasse,,,,
Sparkasse Regensburg,kontakt@sparkasse-regensburg.de,"Tel:+49941/301-3010, Fax:","93047, Regensburg, Neupfarrplatz 10",bayern,www.sparkasse-regensburg.de,,,Sparkasse,,,,
Sparkasse Rosenheim-Bad Aibling,info@spk-ro-aib.de,"Tel:+498031/182-0, Fax:+498031/182-888","83022, Rosenheim, Kufsteiner Str. 1-5",bayern,www.spk-ro-aib.de,,,Sparkasse,,,,
Sparkasse Rothenburg ob der Tauber,kontakt@sparkasse-rothenburg.de,"Tel:+499861/4010, Fax:+499861/401188","91541, Rothenburg, Kapellenplatz 7",bayern,www.sparkasse-rothenburg.de,,,Sparkasse,,,,
Sparkasse Rottal-Inn,info@sparkasse-rottal-inn.de,"Tel:+498721/1200-0, Fax:+498721/1200-99-7070","84307, Eggenfelden, Pfarrkirchener Str. 16",bayern,www.sparkasse-rottal-inn.de,,,Sparkasse,,,,
Sparkasse Schweinfurt,info@sparkasse-sw.de,"Tel:+499721/721-4150, Fax:+499721/721-3229","97421, Schweinfurt, Jägersbrunnen 1 - 7",bayern,www.sparkasse-sw.de,,,Sparkasse,,,,
Stadt- und Kreissparkasse Moosburg,info@sparkasse-moosburg.de,"Tel:+498761/81-0, Fax:+498761/81-900","85368, Moosburg, Stadtplatz 16",bayern,www.sparkasse-moosburg.de,,,Sparkasse,,,,
Stadtsparkasse Augsburg,mail@sska.de,"Tel:+49821/3255-0, Fax:+49821/3255-6000","86150, Augsburg, Halderstr. 1-5",bayern,www.sska.de,,,Sparkasse,,,,
Stadtsparkasse München,kontakt@sskm.de,"Tel:+4989/2167-10191, Fax:+4989/2167-910191","80331, München, Sparkassenstr. 2",bayern,www.sskm.de,,,Sparkasse,,,,
Vereinigte Sparkassen Eschenbach i.d.OPf. Neustadt a.d.Waldnaab Vohenstrauß,info@vspk-neustadt.de,"Tel:+499602/936-3010, Fax:+499602/936-3029","92660, Neustadt a.d. Waldnaab, Sparkassenplatz 1",bayern,www.vspk-neustadt.de,,,Sparkasse,,,,
Vereinigte Sparkassen Gunzenhausen,info@sparkasse-gunzenhausen.de,"Tel:+499831/57-2520, Fax:+499831/57-2509","91710, Gunzenhausen, Marktplatz 43-45",bayern,www.sparkasse-gunzenhausen.de,,,Sparkasse,,,,
Vereinigte Sparkassen im Landkreis Weilheim i. OB,internetfiliale@vereinigte-sparkassen.de,"Tel:+49881/6410, Fax:+49881/641949","82362, Weilheim i. OB, Marienplatz 2-6",bayern,www.vereinigte-sparkassen.de,,,Sparkasse,,,,
Vereinigte Sparkassen Stadt und Landkreis Ansbach,kontakt@sparkasse-ansbach.de,"Tel:+49981/189-0, Fax:+49981/189-233","91522, Ansbach, Promenade 20",bayern,www.sparkasse-ansbach.de,,,Sparkasse,,,,
Mittelbrandenburgische Sparkasse in Potsdam,luisenplatz@mbs.de,"Tel:+49331/8950211, Fax:+49331/89-50295","14471, Potsdam, Luisenplatz 9",brandenburg,www.mbs.de,,,Sparkasse,,,,
Sparkasse Barnim,if@sparkasse-barnim.de,"Tel:+493338/3680, Fax:+493338/368272","16321, Bernau bei Berlin, Brauerstr. 16-18",brandenburg,www.sparkasse-barnim.de,,,Sparkasse,,,,
Sparkasse Elbe-Elster,info@spk-elbe-elster.de,"Tel:+493531/785-1699, Fax:+493531/785-1609","3238, Finsterwalde, Berliner Straße 43",brandenburg,www.spk-elbe-elster.de,,,Sparkasse,,,,
Sparkasse Märkisch-Oderland,service@sparkasse-mol.de,"Tel:+493341/340-800, Fax:+493341/340-8099","15344, Strausberg, Große Straße 2-3",brandenburg,www.sparkasse-mol.de,,,Sparkasse,,,,
Sparkasse Niederlausitz,info@spk-niederlausitz.de,"Tel:+493573/702-0, Fax:+493573/702-1099","1968, Senftenberg, Markt 2",brandenburg,www.spk-niederlausitz.de,,,Sparkasse,,,,
Sparkasse Oder-Spree,service@s-os.de,"Tel:+49335/55410, Fax:+49335/55411540","15230, Frankfurt (Oder), Franz-Mehring-Str. 22",brandenburg,www.s-os.de,,,Sparkasse,,,,
Sparkasse Ostprignitz-Ruppin,info@sparkasse-opr.de,"Tel:+493391/81-1720, Fax:","16816, Neuruppin, Fontaneplatz 1",brandenburg,www.sparkasse-opr.de,,,Sparkasse,,,,
Sparkasse Prignitz,info@sparkasse-prignitz.de,"Tel:+493876/716-301, Fax:+493876/716-360","19348, Perleberg, Großer Markt 22",brandenburg,www.sparkasse-prignitz.de,,,Sparkasse,,,,
Sparkasse Spree-Neiße,info@spk-spree-neisse.de,"Tel:+49355/872983, Fax:+49355/870764","3044, Cottbus, Sielower Chaussee 38",brandenburg,www.spk-spree-neisse.de,,,Sparkasse,,,,
Sparkasse Uckermark,s-online@spk-uckermark.de,"Tel:+493984/3659800, Fax:+493984/365977","17291, Prenzlau, Georg-Dreke-Ring 62",brandenburg,www.spk-uckermark.de,,,Sparkasse,,,,
Stadtsparkasse Schwedt,post@ssk-schwedt.de,"Tel:+493332/2890, Fax:+493332/524703","16303, Schwedt, Dr.-Theodor-Neubauer-Str. 44",brandenburg,www.ssk-schwedt.de,,,Sparkasse,,,,
Bremer Landesbank Kreditanstalt Oldenburg,kontakt@bremerlandesbank.de,"Tel:+49421/3320, Fax:+49421/3322322","28195, Bremen, Domshof 26",bremen,www.bremerlandesbank.de,,,Sparkasse,,,,
Die Sparkasse Bremen,mail@sparkasse-bremen.de,"Tel:+49421/179-0, Fax:+49421/179-3742","28195, Bremen, Am Brill 1-3",bremen,www.sparkasse-bremen.de,,,Sparkasse,,,,
Weser-Elbe Sparkasse,info@wespa.de,"Tel:+49471/4800-0, Fax:","27568, Bremerhaven, Bürgermeister-Smidt-Str. 24-30",bremen,www.wespa.de,,,Sparkasse,,,,
Hamburger Sparkasse,haspa@haspa.de,"Tel:+4940/3579-5118, Fax:+4940/382335","22767, Hamburg, Neue Große Bergstr. 9",hamburg,www.haspa.de,,,Sparkasse,,,,
HSH Nordbank,info@hamburglb.de,"Tel:+4940/3333-0, Fax:+4940/3333-2707","20095, Hamburg, Gerhart-Hauptmann-Platz 50",hamburg,www.hamburglb.de,,,Sparkasse,,,,
Sparkasse Harburg-Buxtehude,info@sparkasse-harburg-buxtehude.de,"Tel:+4940/76691-0, Fax:+4940/76691-8199","21073, Hamburg, Sand 2",hamburg,www.sparkasse-harburg-buxtehude.de,,,Sparkasse,,,,
Frankfurter Sparkasse,online@frankfurter-sparkasse.de,"Tel:+4969/24 1822 24, Fax:","60488, Frankfurt, A 5",hessen,www.frankfurter-sparkasse.de,,,Sparkasse,,,,
Kasseler Sparkasse,info@kasseler-sparkasse.de,"Tel:+49561/7124-82102, Fax:+49561/7124-82199","34117, Kassel, Wolfsschlucht 9",hessen,www.kasseler-sparkasse.de,,,Sparkasse,,,,
Kreissparkasse Gelnhausen,info@ksk-gelnhausen.de,"Tel:+496051/825-0, Fax:+496051/825-399","63571, Gelnhausen, Barbarossastraße 24",hessen,www.ksk-gelnhausen.de,,,Sparkasse,,,,
Kreissparkasse Groß-Gerau,GSGrossGerau00@kskgrossgerau.de,"Tel:+496152/713-5000, Fax:+496152/713-5080","64521, Groß-Gerau, Darmstädter Straße 22",hessen,www.kskgrossgerau.de,,,Sparkasse,,,,
Kreissparkasse Limburg,info@ksk-limburg.de,"Tel:+496431/202 0, Fax:","65549, Limburg, Schiede 41",hessen,www.ksk-limburg.de,,,Sparkasse,,,,
Kreissparkasse Schlüchtern,mail@ksk-schluechtern.de,"Tel:+496661/880, Fax:+496661/88178","36381, Schlüchtern, Obertorstrasse 45",hessen,www.ksk-schluechtern.de,,,Sparkasse,,,,
Kreissparkasse Schwalm-Eder,info@kskse.de,"Tel:+496691/945-0, Fax:+496691/945-172","34613, Schwalmstadt, Sparkassenplatz 1",hessen,www.kskse.de,,,Sparkasse,,,,
Kreissparkasse Weilburg,info@ksk-weilburg.de,"Tel:+496471/312-0, Fax:+496471/312-91019","35781, Weilburg, Odersbacher Weg 1",hessen,www.ksk-weilburg.de,,,Sparkasse,,,,
Sparkasse Bad Hersfeld-Rotenburg,info@spk-hef.de,"Tel:+498006621/850, Fax:","36251, Bad Hersfeld, Dudenstr. 15",hessen,www.spk-hef.de,,,Sparkasse,,,,
Sparkasse Battenberg,service@sparkasse-battenberg.de,"Tel:+496452/803 0, Fax:+496452/5222","35088, Battenberg, Hauptstr. 5",hessen,www.sparkasse-battenberg.de,,,Sparkasse,,,,
Sparkasse Bensheim,bahnhofstrasse@sparkasse-bensheim.de,"Tel:+496251/18-661, Fax:+496251/18-99585","64625, Bensheim, Bahnhofstraße 30/32",hessen,www.sparkasse-bensheim.de,,,Sparkasse,,,,
Sparkasse Darmstadt,info@sparkasse-darmstadt.de,"Tel:+496151/2816-0, Fax:+496151/2816-109999","64283, Darmstadt, Rheinstraße 10-12",hessen,www.sparkasse-darmstadt.de,,,Sparkasse,,,,
Sparkasse Dieburg,post@sparkasse-dieburg.de,"Tel:+496078/70-0, Fax:+496078/70-9392","64823, Groß-Umstadt, St.-Péray-Straße 2-4",hessen,www.sparkasse-dieburg.de,,,Sparkasse,,,,
Sparkasse Dillenburg,info@sparkasse-dillenburg.de,"Tel:+492771/935 0, Fax:+492771/9359009","35683, Dillenburg, Untertor 9",hessen,www.sparkasse-dillenburg.de,,,Sparkasse,,,,
Sparkasse Fulda,info@sparkasse-fulda.de,"Tel:+49661/857-0, Fax:+49661/857-48119","36037, Fulda, Buttermarkt 2-6",hessen,www.sparkasse-fulda.de,,,Sparkasse,,,,
Sparkasse Gießen,info@sparkasse-giessen.de,"Tel:+49641/704-422, Fax:+49641/704-544","35390, Gießen, Johannesstraße 3",hessen,www.sparkasse-giessen.de,,,Sparkasse,,,,
Sparkasse Grünberg,info@sparkasse-gruenberg.de,"Tel:+496401/9290, Fax:+496401/929249","35305, Grünberg, Gießener Str. 8",hessen,www.sparkasse-gruenberg.de,,,Sparkasse,,,,
Sparkasse Hanau,info@sparkasse-hanau.de,"Tel:+496181/298-298, Fax:+496181/298-205","63450, Hanau, Am Markt 1",hessen,www.sparkasse-hanau.de,,,Sparkasse,,,,
Sparkasse Langen-Seligenstadt,GS026@sls-direkt.de,"Tel:+496103/919-0, Fax:+496103/919-257","63225, Langen, Zimmerstr. 25",hessen,www.sls-direkt.de,,,Sparkasse,,,,
Sparkasse Laubach-Hungen,info@spk-laubach-hungen.de,"Tel:+496405/829-0, Fax:+496405/829-110","35321, Laubach, August-Krieger-Str. 19",hessen,www.Spk-Laubach-Hungen.de,,,Sparkasse,,,,
Sparkasse Marburg-Biedenkopf,sparkasse@skmb.de,"Tel:+496421/2060, Fax:+496421/206800399","35037, Marburg, Universitätsstraße 10",hessen,www.skmb.de,,,Sparkasse,,,,
Sparkasse Oberhessen,info@sparkasse-oberhessen.de,"Tel:+496031/86-0, Fax:+496031/86-370","61169, Friedberg, Kaiserstraße 155",hessen,www.sparkasse-oberhessen.de,,,Sparkasse,,,,
Sparkasse Odenwaldkreis,mail@sparkasse-odenwaldkreis.de,"Tel:+496062/500, Fax:+496062/50-200","64711, Erbach, Martin-Luther-Str. 53/55",hessen,www.sparkasse-odenwaldkreis.de,,,Sparkasse,,,,
Sparkasse Starkenburg,info@sparkasse-starkenburg.de,"Tel:+496252/120-0, Fax:+496252/120-91210","64646, Heppenheim, Friedrichstr. 22",hessen,www.sparkasse-starkenburg.de,,,Sparkasse,,,,
Sparkasse Waldeck-Frankenberg,e-mail@sparkasse-wa-fkb.de,"Tel:+495631/9520, Fax:+495631/952-24200","34497, Korbach, Nordwall 6-8",hessen,www.sparkasse-wa-fkb.de,,,Sparkasse,,,,
Sparkasse Werra-Meißner,HS-Witzenhausen@spk-wm.de,"Tel:+495651/306-306, Fax:+495651/306-55306","37213, Witzenhausen, Walburger Str. 35/37",hessen,www.spk-wm.de,,,Sparkasse,,,,
Sparkasse Wetzlar,Filiale.Seibertstrasse@sparkasse-wetzlar.de,"Tel:+496441/409-5000, Fax:+496441/409-779619","35576, Wetzlar, Seibertstr. 10",hessen,www.sparkasse-wetzlar.de,,,Sparkasse,,,,
Städtische Sparkasse Offenbach,info@sparkasse-offenbach.de,"Tel:+4969/8067-1, Fax:+4969/8067-666","63065, Offenbach, Berliner Str. 46",hessen,www.sparkasse-offenbach.de,,,Sparkasse,,,,
Stadtsparkasse Borken (Hessen),info@sskborken.de,"Tel:+495682/7070-0, Fax:+495682/7070-39","34582, Borken (Hessen), Europaplatz 1",hessen,www.sskborken.de,,,Sparkasse,,,,
Stadtsparkasse Felsberg,info@stadtsparkasse-felsberg.de,"Tel:+495662/5009-0, Fax:+495662/500952","34587, Felsberg, Steinweg 4",hessen,www.stadtsparkasse-felsberg.de,,,Sparkasse,,,,
Stadtsparkasse Grebenstein,info@stadtsparkasse-grebenstein.de,"Tel:+495674/706-0, Fax:+495674/706200","34393, Grebenstein, Marktstraße 30",hessen,www.stadtsparkasse-grebenstein.de,,,Sparkasse,,,,
Stadtsparkasse Schwalmstadt,info@stadtsparkasse-schwalmstadt.de,"Tel:+496691/8000, Fax:+496691/80090","34613, Schwalmstadt, Bahnhofstr. 16 + 18",hessen,www.stadtsparkasse-schwalmstadt.de,,,Sparkasse,,,,
Taunus Sparkasse,serviceteam@taunus-sparkasse.de,"Tel:+496172/2700, Fax:+496172/2708430","61288, Bad Homburg, Postfach 18 41",hessen,www.taunus-sparkasse.de,,,Sparkasse,,,,
Müritz-Sparkasse,info@mueritz-sparkasse.de,"Tel:+493991/6360, Fax:+493991/667610","17192, Waren (Müritz), Friedensstraße 9- 10",mecklenburg-vorpommern,www.mueritz-sparkasse.de,,,Sparkasse,,,,
OstseeSparkasse Rostock,ospa@ospa.de,"Tel:+49381/643-0, Fax:+49381/643-662249","18057, Rostock, Am Vögenteich 23",mecklenburg-vorpommern,www.ospa.de,,,Sparkasse,,,,
Sparkasse Mecklenburg-Nordwest,info@spk-mnw.de,"Tel:+493841/240338, Fax:+493841/240195","23966, Wismar, Am Markt 14/15",mecklenburg-vorpommern,www.spk-mnw.de,,,Sparkasse,,,,
Sparkasse Mecklenburg-Schwerin,info@spk-m-sn.de,"Tel:385/551-2222, Fax:385/551-4399","19053, Schwerin, Wismarsche Straße 127-129",mecklenburg-vorpommern,www.spk-m-sn.de,,,Sparkasse,,,,
Sparkasse Mecklenburg-Strelitz,kontakt@spk-mecklenburg-strelitz.de,"Tel:+493981/274281, Fax:+493981/274290","17235, Neustrelitz, Strelitzer Str. 58",mecklenburg-vorpommern,www.spk-mecklenburg-strelitz.de,,,Sparkasse,,,,
Sparkasse Neubrandenburg – Demmin,info@spk-nbdm.de,"Tel:+49395/373-1081, Fax:+49395/373-2519","17033, Neubrandenburg, Friedrich-Engels-Ring 54",mecklenburg-vorpommern,www.spk-nbdm.de,,,Sparkasse,,,,
Sparkasse Parchim-Lübz,info@sparkasse-parchim.de,"Tel:+493871/4214-0, Fax:+493871/4214-9529","19370, Parchim, Moltkeplatz 1",mecklenburg-vorpommern,www.sparkasse-parchim.de,,,Sparkasse,,,,
Sparkasse Uecker-Randow,service@spk-uecker-randow.de,"Tel:+493973/434 111, Fax:+493973/210640","17309, Pasewalk, Stettiner Str. 20",mecklenburg-vorpommern,www.spk-uecker-randow.de,,,Sparkasse,,,,
Sparkasse Vorpommern,info@spk-vorpommern.de,"Tel:3831/22-1955, Fax:3831/22-1900","18439, Stralsund, Neuer Markt 7/8",mecklenburg-vorpommern,www.spk-vorpommern.de,,,Sparkasse,,,,
Braunschweigische Landessparkasse,kundenservice@blsk.de,"Tel:+49531/487-3339, Fax:+49531/487-3460","38114, Braunschweig, Neustadtring 9",niedersachsen,www.blsk.de,,,Sparkasse,,,,
Kreis-Sparkasse Northeim,KSN@KSN-Northeim.de,"Tel:+495551/7090, Fax:+495551/709333","37154, Northeim, Am Münster 29",niedersachsen,www.KSN-Northeim.de,,,Sparkasse,,,,
Kreissparkasse Bersenbrück,bersenbrueck@ksk-bersenbrueck.de,"Tel:+495439/630, Fax:+495439/63210","49593, Bersenbrück, Lindenstraße 4",niedersachsen,www.ksk-bersenbrueck.de,,,Sparkasse,,,,
Kreissparkasse Grafschaft Bentheim zu Nordhorn,info@sparkasse-nordhorn.de,"Tel:+495921/98-0, Fax:+495921/98-300","48529, Nordhorn, Bahnhofstraße 11",niedersachsen,www.sparkasse-nordhorn.de,,,Sparkasse,,,,
Kreissparkasse Grafschaft Diepholz,mail@ksk-diepholz.de,"Tel:+495441/910, Fax:+495441/91-5199","49356, Diepholz, Sparkassenstr. 1",niedersachsen,www.ksk-diepholz.de,,,Sparkasse,,,,
Kreissparkasse Melle,info@ksk-melle.de,"Tel:+495422/102-1, Fax:+495422/102-238","49324, Melle, Mühlenstraße 28",niedersachsen,www.ksk-melle.de,,,Sparkasse,,,,
Kreissparkasse Osterholz,ksk@kreissparkasse-osterholz.de,"Tel:+494791/15-0, Fax:+494791/15-205","27711, Osterholz-Scharmbeck, Bahnhofstraße 45",niedersachsen,www.kreissparkasse-osterholz.de,,,Sparkasse,,,,
Kreissparkasse Peine,info@ksk-peine.de,"Tel:+495171/42-1000, Fax:+495171/42-2120","31224, Peine, Beethovenstr. 2",niedersachsen,www.ksk-peine.de,,,Sparkasse,,,,
Kreissparkasse Soltau,service@ksk-soltau.de,"Tel:+495191/86-0, Fax:+495191/86-69243","29614, Soltau, Rühberg 9-11",niedersachsen,www.ksk-soltau.de,,,Sparkasse,,,,
Kreissparkasse Stade,Stade@ksk-stade.de,"Tel:+494141/1090, Fax:+494141/109-101","21682, Stade, Grosse Schmiedestraße 12",niedersachsen,www.ksk-stade.de,,,Sparkasse,,,,
Kreissparkasse Syke,kundenabteilung@ksk-syke.de,"Tel:+494242/161514, Fax:+494242/161-457","28857, Syke, Mühlendamm 4",niedersachsen,www.ksk-syke.de,,,Sparkasse,,,,
Kreissparkasse Verden,service@ksk-verden.de,"Tel:+494231/16-0, Fax:+494231/16-6999","27283, Verden, Ostertorstraße 16",niedersachsen,www.ksk-verden.de,,,Sparkasse,,,,
Kreissparkasse Walsrode,info@ksk-walsrode.de,"Tel:+495161/601-0, Fax:+495161/601108","29664, Walsrode, Moorstr. 1",niedersachsen,www.ksk-walsrode.de,,,Sparkasse,,,,
Landessparkasse zu Oldenburg,lzo@lzo.com,"Tel:+49441/230-0, Fax:+49441/230-1000","26123, Oldenburg, Straßburger Str. 9",niedersachsen,www.lzo.com,,,Sparkasse,,,,
Sparkasse Aurich-Norden,servicecenter@sparkasse-aurich-norden.de,"Tel:+49800/28350000, Fax:+494941/99998888","26603, Aurich, Marktplatz 11-15",niedersachsen,www.sparkasse-aurich-norden.de,,,Sparkasse,,,,
Sparkasse Celle,info@sparkasse-celle.de,"Tel:+495141/913-0, Fax:+495141/913-777","29221, Celle, Schlossplatz 10",niedersachsen,www.sparkasse-celle.de,,,Sparkasse,,,,
Sparkasse Duderstadt,info@sparkasse-duderstadt.de,"Tel:+495527/830, Fax:+495527/83190","37115, Duderstadt, Bahnhofstr. 41",niedersachsen,www.sparkasse-duderstadt.de,,,Sparkasse,,,,
Sparkasse Einbeck,spkein@sparkasse-einbeck.de,"Tel:+495561/318-0, Fax:+495561/318-163","37574, Einbeck, Marktplatz 16/18",niedersachsen,www.sparkasse-einbeck.de,,,Sparkasse,,,,
Sparkasse Emden,kontakt@spk-emden.de,"Tel:+494921/8060, Fax:+494921/806-619","26721, Emden, Am Delft 2-3",niedersachsen,www.spk-emden.de,,,Sparkasse,,,,
Sparkasse Emsland,info@sparkasse-emsland.de,"Tel:+495931/151-1, Fax:+495931/151-218","49716, Meppen, Obergerichtsstraße 22",niedersachsen,www.sparkasse-emsland.de,,,Sparkasse,,,,
Sparkasse Gifhorn-Wolfsburg,info@spk-gifhorn-wolfsburg.de,"Tel:+495361/187-0, Fax:+495361/187-209","38440, Wolfsburg, Porschestr. 70",niedersachsen,www.spk-gifhorn-wolfsburg.de,,,Sparkasse,,,,
Sparkasse Goslar/Harz,info@sparkasse-goslar-harz.de,"Tel:+495321/706-1495, Fax:+495321/706-1949","38640, Goslar, Jakobikirchhof 5 - 6",niedersachsen,www.sparkasse-goslar-harz.de,,,Sparkasse,,,,
Sparkasse Göttingen,info@spk-goettingen.de,"Tel:+49551/405-1801, Fax:+49551/405-2620","37073, Göttingen, Weender Str. 13",niedersachsen,www.spk-goettingen.de,,,Sparkasse,,,,
Sparkasse Hannover,info@sparkasse-hannover.de,"Tel:+49511/3000-7668, Fax:+49511/3000-957668","30161, Hannover, Raschplatz 4",niedersachsen,www.sparkasse-hannover.de,,,Sparkasse,,,,
Sparkasse Hildesheim,info@sparkasse-hildesheim.de,"Tel:+495121/580-0, Fax:+495121/580-3333","31134, Hildesheim, Rathausstraße 21-23",niedersachsen,www.sparkasse-hildesheim.de,,,Sparkasse,,,,
Sparkasse Höxter,info@sparkasse-hoexter.de,"Tel:+495271/6801-0, Fax:+495271/6801-2399","37671, Höxter, Nicolaistraße 1",niedersachsen,www.sparkasse-hoexter.de,,,Sparkasse,,,,
Sparkasse LeerWittmund,info@sparkasse-leerwittmund.de,"Tel:+494462/987-654, Fax:+494462/987-149","26409, Wittmund, Am Markt 1",niedersachsen,www.sparkasse-leerwittmund.de,,,Sparkasse,,,,
Sparkasse Lüneburg,info@sparkasse-lueneburg.de,"Tel:+494131/288-2500, Fax:+494131/288-62500","21335, Lüneburg, An der Münze 4-6",niedersachsen,www.sparkasse-lueneburg.de,,,Sparkasse,,,,
Sparkasse Münden,info@spk-muenden.de,"Tel:+495541/7080, Fax:+495541/708-208","34346, Hann. Münden, Bahnhofstraße 21/23",niedersachsen,www.spk-muenden.de,,,Sparkasse,,,,
Sparkasse Nienburg,info@sparkasse-nienburg.de,"Tel:+495021/969-0, Fax:+495021/969-288","31582, Nienburg, Goetheplatz 4",niedersachsen,www.sparkasse-nienburg.de,,,Sparkasse,,,,
Sparkasse Osnabrück,info@sparkasse-osnabrueck.de,"Tel:+49541/324-4655, Fax:+49541/324-4019","49074, Osnabrück, Wittekindstr. 17-19",niedersachsen,www.sparkasse-osnabrueck.de,,,Sparkasse,,,,
Sparkasse Osterode am Harz,service@sparkasse-osterode.de,"Tel:+495522/969-0, Fax:+495522/969-199","37520, Osterode am Harz, Eisensteinstraße 8-10",niedersachsen,www.sparkasse-osterode.de,,,Sparkasse,,,,
Sparkasse Rotenburg-Bremervörde,info@spkrb.de,"Tel:+494261/760, Fax:+494261/763799","27356, Rotenburg, Am Pferdemarkt 1",niedersachsen,www.spkrb.de,,,Sparkasse,,,,
Sparkasse Schaumburg,info@spk-schaumburg.de,"Tel:+495751/402222, Fax:+495751/402333","31737, Rinteln, Breite Straße 4",niedersachsen,www.spk-schaumburg.de,,,Sparkasse,,,,
Sparkasse Scheeßel,postfach-scheessel@spk-scheessel.de,"Tel:+494263/9350, Fax:+494263/935246","27383, Scheeßel, An der Sparkasse 1",niedersachsen,www.spk-scheessel.de,,,Sparkasse,,,,
Sparkasse Stade-Altes Land,info@spk-sal.de,"Tel:+494141/490-0, Fax:+494141/490-180","21680, Stade, Pferdemarkt 11a",niedersachsen,www.spk-sal.de,,,Sparkasse,,,,
Sparkasse Uelzen Lüchow-Dannenberg,spk@sparkasse-uelzen.de,"Tel:+49581/84-3500, Fax:+49581/84-3509","29525, Uelzen, Veerßer Str. 42",niedersachsen,www.sparkasse-uelzen.de,,,Sparkasse,,,,
Sparkasse Wilhelmshaven,info@sparkasse-wilhelmshaven.de,"Tel:+494421/4010, Fax:+494421/401-401","26382, Wilhelmshaven, Theaterplatz 1",niedersachsen,www.sparkasse-wilhelmshaven.de,,,Sparkasse,,,,
Stadtsparkasse Bad Pyrmont,post@ssk-bad-pyrmont.de,"Tel:+495281/14-0, Fax:+495281/14-200","31812, Bad Pyrmont, Brunnenstr. 2",niedersachsen,www.ssk-bad-pyrmont.de,,,Sparkasse,,,,
Stadtsparkasse Bad Sachsa,info@ssk-bad-sachsa.de,"Tel:+495523/9430-0, Fax:+495523/943030","37441, Bad Sachsa, Poststraße 6-7",niedersachsen,www.ssk-bad-sachsa.de,,,Sparkasse,,,,
Stadtsparkasse Barsinghausen,kundenservice@ssk-barsinghausen.de,"Tel:+495105/7710, Fax:+495105/771202","30890, Barsinghausen, Deisterstraße 1a",niedersachsen,www.ssk-barsinghausen.de,,,Sparkasse,,,,
Stadtsparkasse Burgdorf,info@ssk-burgdorf.de,"Tel:+495136/803-0, Fax:+495136/803-281","31303, Burgdorf, Marktstraße 59",niedersachsen,www.ssk-burgdorf.de,,,Sparkasse,,,,
Stadtsparkasse Cuxhaven,info@ssk-cuxhaven.de,"Tel:+494721/109-0, Fax:+494721/109-276","27472, Cuxhaven, Rohdestr. 6",niedersachsen,www.ssk-cuxhaven.de,,,Sparkasse,,,,
Stadtsparkasse Wunstorf,postkorb@ssk-wunstorf.de,"Tel:+495031/102-0, Fax:+495031/102-1491","31515, Wunstorf, Lange Str. 2",niedersachsen,www.ssk-wunstorf.de,,,Sparkasse,,,,
Herner Sparkasse,info@herner-sparkasse.de,"Tel:+492323/590-352, Fax:+492323/590-235","44623, Herne, Berliner Platz 1",nrw,www.herner-sparkasse.de,,,Sparkasse,,,,
Kreissparkasse Düsseldorf,info@kreissparkasse-duesseldorf.de,"Tel:+49211/873-0, Fax:+49211/873-510","40213, Düsseldorf, Kasernenstraße 69",nrw,www.kreissparkasse-duesseldorf.de,,,Sparkasse,,,,
Kreissparkasse Euskirchen,info@ksk-eu.de,"Tel:+492251/17 0, Fax:","53879, Euskirchen, Von-Siemens-Str. 8",nrw,www.ksk-eu.de,,,Sparkasse,,,,
Kreissparkasse Halle (Westfalen),info@kskhalle.de,"Tel:+495201/893-0, Fax:+495201/893-295","33790, Halle, Bahnhofstraße 27",nrw,www.kskhalle.de,,,Sparkasse,,,,
Kreissparkasse Heinsberg,info@kskhs.de,"Tel:+492452/91960, Fax:+492452/9196-111","52525, Heinsberg, Hochstraße 100-102",nrw,www.kskhs.de,,,Sparkasse,,,,
Kreissparkasse Köln,info@ksk-koeln.de,"Tel:+49221/227-2000, Fax:+49221/227-3740","50667, Köln, Neumarkt 18 - 24",nrw,www.ksk-koeln.de,,,Sparkasse,,,,
Kreissparkasse Steinfurt,info@ksk-steinfurt.de,"Tel:+495451/55-14000, Fax:+495451/55-94000","48565, Steinfurt, Bahnhofstr. 2",nrw,www.ksk-steinfurt.de,,,Sparkasse,,,,
Kreissparkasse Wiedenbrück,wiedenbrueck@kskwd.de,"Tel:+495242/599-0, Fax:+495242/599-239","33378, Rheda-Wiedenbrück, Wasserstr. 8 - 12",nrw,www.kskwd.de,,,Sparkasse,,,,
Niederrheinische Sparkasse RheinLippe,info@nispa.de,"Tel:+492064/6245245, Fax:+492064/6245240","46535, Dinslaken, Friedrich-Ebert-Straße 31-37",nrw,www.nispa.de,,,Sparkasse,,,,
Sparkasse Aachen,info@sparkasse-aachen.de,"Tel:+49241/4445000, Fax:+49241/4442270","52062, Aachen, Friedrich-Wilhelm-Platz 1-4",nrw,www.sparkasse-aachen.de,,,Sparkasse,,,,
Sparkasse am Niederrhein,info@sk-an.de,"Tel:+492841/206-0, Fax:+492841/206-2308","47441, Moers, Ostring 4 - 7",nrw,www.sk-an.de,,,Sparkasse,,,,
Sparkasse an der Lippe,info@sparkasse-adl.de,"Tel:+492306/105-0, Fax:+492306/105-201","44532, Lünen, Graf-Adolf-Str. 39",nrw,www.sparkasse-adl.de,,,Sparkasse,,,,
Sparkasse Arnsberg-Sundern,info@spk-as.de,"Tel:+492933/980-0, Fax:+492933/980-9259","59846, Sundern, Hauptstraße 140",nrw,www.spk-as.de,,,Sparkasse,,,,
Sparkasse Attendorn-Lennestadt-Kirchhundem,info@sparkasse-alk.de,"Tel:+492721/6060, Fax:+492722/693-189","57439, Attendorn, Kölner Straße 10",nrw,www.sparkasse-alk.de,,,Sparkasse,,,,
Sparkasse Beckum-Wadersloh,mail@sparkasse-beckum.de,"Tel:+492521/270, Fax:+492521/27299","59269, Beckum, Weststraße 32",nrw,www.sparkasse-beckum.de,,,Sparkasse,,,,
Sparkasse Bergkamen-Bönen,info@spk-bergkamen-boenen.de,"Tel:+492307/8210, Fax:+492307/821-178","59192, Bergkamen, in der City 133",nrw,www.spk-bergkamen-boenen.de,,,Sparkasse,,,,
Sparkasse Bielefeld,service@sparkasse-bielefeld.de,"Tel:+49521/2943600, Fax:+49521/2944060","33602, Bielefeld, Stresemannstraße 15",nrw,www.sparkasse-bielefeld.de,,,Sparkasse,,,,
Sparkasse Bochum,info@sparkasse-bochum.de,"Tel:+49234/611-4011, Fax:+49234/611-7090","44787, Bochum, Dr.-Ruer-Platz 5",nrw,www.sparkasse-bochum.de,,,Sparkasse,,,,
Sparkasse Bottrop,sparkasse-bottrop@s-web.de,"Tel:+492041/104-0, Fax:+492041/104-5678","46236, Bottrop, Pferdemarkt 8",nrw,www.s-web.de,,,Sparkasse,,,,
Sparkasse Burbach-Neunkirchen,info@sparkasse-burbach-neunkirchen.de,"Tel:+492736/497-0, Fax:+492736/497-1159","57299, Burbach, Nassauische Str. 13",nrw,www.sparkasse-burbach-neunkirchen.de,,,Sparkasse,,,,
Sparkasse der Homburgischen Gemeinden,info@sparkasse-wiehl.de,"Tel:+492262/982-0, Fax:+492262/92392","51674, Wiehl, Hauptstr. 12-18",nrw,www.sparkasse-wiehl.de,,,Sparkasse,,,,
Sparkasse der Stadt Iserlohn,info@sparkasse-iserlohn.de,"Tel:+492371/216-0, Fax:+492371/216-556","58636, Iserlohn, Schillerplatz 6",nrw,www.sparkasse-iserlohn.de,,,Sparkasse,,,,
Sparkasse der Stadt Straelen,info@sparkasse-straelen.de,"Tel:+492834/705-0, Fax:+492834/705-266","47638, Straelen, Markt 15-17",nrw,www.sparkasse-straelen.de,,,Sparkasse,,,,
Sparkasse Dortmund,info@sparkasse-dortmund.de,"Tel:+49231/183-22644, Fax:+49231/163295","44137, Dortmund, Freistuhl 2",nrw,www.sparkasse-dortmund.de,,,Sparkasse,,,,
Sparkasse Duisburg,info@spk-du.de,"Tel:+49203/28150, Fax:+49203/2815800090","47051, Duisburg, Königstr. 23-25",nrw,www.spk-du.de,,,Sparkasse,,,,
Sparkasse Düren,info@skdn.de,"Tel:+492421/127 0, Fax:+492421/127405099","52349, Düren, Ecke Schenkel-/ Zehnthofstr.",nrw,www.skdn.de,,,Sparkasse,,,,
Sparkasse Ennepetal-Breckerfeld,info@sparkasse-ennepetal.de,"Tel:+492333/986 0, Fax:+492333/986-201","58256, Ennepetal, Voerder Str. 79-83",nrw,www.sparkasse-ennepetal.de,,,Sparkasse,,,,
Sparkasse Erwitte-Anröchte,info@sparkasse-erwitte-anroechte.de,"Tel:+492943/988-0, Fax:+492943/988-100","59597, Erwitte, Lippstädter Str. 5",nrw,www.sparkasse-erwitte-anroechte.de,,,Sparkasse,,,,
Sparkasse Essen,service@sparkasse-essen.de,"Tel:+49201/103-4359, Fax:+49201/103-2695","45147, Essen, Menzelstr. 28",nrw,www.sparkasse-essen.de,,,Sparkasse,,,,
Sparkasse Fröndenberg,info@sparkasse-froendenberg.de,"Tel:+492373/7501-0, Fax:+492373/7501-51","58730, Fröndenberg, Im Stift 12",nrw,www.sparkasse-froendenberg.de,,,Sparkasse,,,,
Sparkasse Gelsenkirchen,information@sparkasse-ge.de,"Tel:+49209/161-2929, Fax:+49209/161-2914","45879, Gelsenkirchen, Neumarkt 2",nrw,www.sparkasse-ge.de,,,Sparkasse,,,,
Sparkasse Geseke,info@sparkasse-geseke.de,"Tel:+492942/509-0, Fax:+492942/509-299","59590, Geseke, Bachstr. 35",nrw,www.sparkasse-geseke.de,,,Sparkasse,,,,
Sparkasse Gronau,info@sparkasse-gronau.de,"Tel:+492562/929-0, Fax:+492562/929-250","48599, Gronau, Johann-Christian-Eberle-Platz 1",nrw,www.sparkasse-gronau.de,,,Sparkasse,,,,
Sparkasse Gummersbach-Bergneustadt,info@sparkasse-gm.de,"Tel:+492261/31-0, Fax:+492261/31-333","51643, Gummersbach, Hindenburgstr. 4-8",nrw,www.sparkasse-gm.de,,,Sparkasse,,,,
Sparkasse Gütersloh,info.hgs@sparkasse-guetersloh.de,"Tel:+495241/101-3220, Fax:+495241/101-3290","33330, Gütersloh, Konrad-Adenauer-Platz 1",nrw,www.sparkasse-guetersloh.de,,,Sparkasse,,,,
Sparkasse Hagen,bc-karree@sparkasse-hagen.de,"Tel:+492331/2060, Fax:+492331/2066000","58095, Hagen, Sparkassen-Karree 1",nrw,www.sparkasse-hagen.de,,,Sparkasse,,,,
Sparkasse Hamm,info@sparkasse-hamm.de,"Tel:+492381/103-254, Fax:+492381/103356","59065, Hamm, Weststraße 5-7",nrw,www.sparkasse-hamm.de,,,Sparkasse,,,,
Sparkasse Hattingen,info@sparkasse-hattingen.de,"Tel:+492324/203-0, Fax:+492324/203-109","45525, Hattingen, Roonstr. 1",nrw,www.sparkasse-hattingen.de,,,Sparkasse,,,,
Sparkasse Herford,kontakt@sparkasse-herford.de,"Tel:+495221/16-0, Fax:+495221/16-1617","32052, Herford, Auf der Freiheit 20",nrw,www.sparkasse-herford.de,,,Sparkasse,,,,
Sparkasse Hilden-Ratingen-Velbert,info@sparkasse-hrv.de,"Tel:+492051/315-0, Fax:+492102/203-41190","40878, Ratingen, Düsseldorfer Str. 28",nrw,www.sparkasse-hrv.de,,,Sparkasse,,,,
Sparkasse Hochsauerland,mailbox@spk-hochsauerland.de,"Tel:+492961/793-0, Fax:+492961/793-399","59929, Brilon, Am Markt 4",nrw,www.spk-hochsauerland.de,,,Sparkasse,,,,
Sparkasse Kierspe-Meinerzhagen,info@SPKKM.DE,"Tel:+492354/9170-0, Fax:+492354/9170-209","58540, Meinerzhagen, Zur Alten Post 2 - 4",nrw,www.SPKKM.DE,,,Sparkasse,,,,
Sparkasse Kleve,hauptstelle@sparkasse-kleve.de,"Tel:+492821/88-220, Fax:+492821/88-12220","47533, Kleve, Hagsche Str. 33",nrw,www.sparkasse-kleve.de,,,Sparkasse,,,,
Sparkasse KölnBonn,kontakt@sparkasse-koelnbonn.de,"Tel:+49221/226-90901, Fax:+49221/226-490901","50667, Köln, Hahnenstraße 57",nrw,www.sparkasse-koelnbonn.de,,,Sparkasse,,,,
Sparkasse Krefeld,info@sparkasse-krefeld.de,"Tel:+492151/68-3611, Fax:+492151/68-3600","47789, Krefeld, Ostwall 155c",nrw,www.sparkasse-krefeld.de,,,Sparkasse,,,,
Sparkasse Lemgo,info@sparkasse-lemgo.de,"Tel:+495261/214-325, Fax:+495261/214-401","32657, Lemgo, Mittelstraße 73-79",nrw,www.sparkasse-lemgo.de,,,Sparkasse,,,,
Sparkasse Leverkusen,GS.Wiesdorf@sparkasse-lev.de,"Tel:+49214/355-1999, Fax:+49214/355-1998","51373, Leverkusen., Friedrich-Ebert-Straße 39",nrw,www.sparkasse-lev.de,,,Sparkasse,,,,
Sparkasse Lippstadt,info@sparkasse-lippstadt.de,"Tel:+492941/757-0, Fax:+492941/757-269","59555, Lippstadt, Spielplatzstraße 10",nrw,www.sparkasse-lippstadt.de,,,Sparkasse,,,,
Sparkasse Lüdenscheid,info@sparkasse-luedenscheid.de,"Tel:+492351/1520, Fax:+492351/152200","58511, Lüdenscheid, Sauerfelder Str. 7-11",nrw,www.sparkasse-luedenscheid.de,,,Sparkasse,,,,
Sparkasse Märkisches Sauerland Hemer-Menden,info@sms-hm.de,"Tel:+492372/508-0, Fax:+492372/508-85080","58675, Hemer, Hauptstraße 206",nrw,www.sms-hm.de,,,Sparkasse,,,,
Sparkasse Meschede,info@sparkasse-meschede.de,"Tel:+49291/208-0, Fax:+49291/208-259","59872, Meschede, Winziger Platz 6",nrw,www.sparkasse-meschede.de,,,Sparkasse,,,,
Sparkasse Minden-Lübbecke,gsprivatkunden.minden@sparkasse-minden-luebbecke.de,"Tel:+49571/8060, Fax:+49571/8067299","32423, Minden, Königswall 2",nrw,www.sparkasse-minden-luebbecke.de,,,Sparkasse,,,,
Sparkasse Mülheim an der Ruhr,if@spkmh.de,"Tel:+49208/3005-222, Fax:+49208/3005-111","45468, Mülheim an der Ruhr, Berliner Platz 1",nrw,www.spkmh.de,,,Sparkasse,,,,
Sparkasse Münsterland Ost,info@sparkasse-mslo.de,"Tel:+492382/854 0, Fax:+492382/854-28307","59229, Ahlen, Moltkestraße 38",nrw,www.sparkasse-mslo.de,,,Sparkasse,,,,
Sparkasse Neuss,info@sparkasse-neuss.de,"Tel:+492131/97-4522, Fax:+492131/97-4519","41460, Neuss, Oberstraße 110-124",nrw,www.sparkasse-neuss.de,,,Sparkasse,,,,
Sparkasse Olpe-Drolshagen-Wenden,info@sparkasse-olpe.de,"Tel:+492761/8983330, Fax:+492761/898383330","57462, Olpe, Westfälische Str. 9",nrw,www.sparkasse-olpe.de,,,Sparkasse,,,,
Sparkasse Paderborn-Detmold,info@sparkasse-pd.de,"Tel:+495251/292929, Fax:+495251/2921549","32756, Detmold, Paulinenstraße 34",nrw,www.sparkasse-pd.de,,,Sparkasse,,,,
Sparkasse Radevormwald – Hückeswagen,info@sk-rade.de,"Tel:+492195/601-0, Fax:+492195/601-185","42477, Radevormwald, Hohenfuhrstraße 19-21",nrw,www.sk-rade.de,,,Sparkasse,,,,
Sparkasse Rheine,postkasten@sparkasse-rheine.de,"Tel:+495971/590, Fax:+495971/59298","48431, Rheine, Kardinal-Galen-Ring 33",nrw,www.sparkasse-rheine.de,,,Sparkasse,,,,
Sparkasse Rietberg,info@sparkasse-rietberg.de,"Tel:+495244/9865, Fax:+495244/9867099","33397, Rietberg, Bahnhofstraße 39",nrw,www.sparkasse-rietberg.de,,,Sparkasse,,,,
Sparkasse Schwerte,info@sparkasse-schwerte.de,"Tel:+492304/1030, Fax:+492304/103109","58239, Schwerte, Postplatz 3",nrw,www.sparkasse-schwerte.de,,,Sparkasse,,,,
Sparkasse Siegen,mailbox@sparkasse-siegen.de,"Tel:+49271/5960, Fax:+49271/59690","57072, Siegen, Morleystraße 2",nrw,www.sparkasse-siegen.de,,,Sparkasse,,,,
Sparkasse Soest,info@sparkasse-soest.de,"Tel:+492921/109-0, Fax:+492921/109-149","59494, Soest, Puppenstraße 7-9",nrw,www.sparkasse-soest.de,,,Sparkasse,,,,
Sparkasse UnnaKamen,info@sparkasse-unnakamen.de,"Tel:+492303/104-0, Fax:+492303/104-268","59174, Kamen, Sparkassenplatz 1",nrw,www.sparkasse-unnakamen.de,,,Sparkasse,,,,
Sparkasse Vest Recklinghausen,mail@sparkasse-re.de,"Tel:+492361/202-0, Fax:+492361/202-9110","45657, Recklinghausen, Königswall 33",nrw,www.sparkasse-re.de,,,Sparkasse,,,,
Sparkasse Werl,info@sparkasse-werl.de,"Tel:+492922/802-802, Fax:+492922/802-501","59457, Werl, Engelhardstr. 4",nrw,www.sparkasse-werl.de,,,Sparkasse,,,,
Sparkasse Westmünsterland,info@sparkasse-westmuensterland.de,"Tel:+492861/85-0, Fax:+492861/85-8459","46325, Borken, Wilbecke 1",nrw,www.sparkasse-westmuensterland.de,,,Sparkasse,,,,
Sparkasse Witten,info@sparkasse-witten.de,"Tel:+492302/174-0, Fax:+492302/174-78888","58452, Witten, Ruhrstr. 45",nrw,www.sparkasse-witten.de,,,Sparkasse,,,,
Sparkasse Wittgenstein,internet@sparkasse-wittgenstein.de,"Tel:+492751/922-0, Fax:+492751/922-1800","57319, Bad Berleburg, Poststr. 15",nrw,www.sparkasse-wittgenstein.de,,,Sparkasse,,,,
Stadt-Sparkasse Haan (Rheinl.),info@stadt-sparkasse-haan.de,"Tel:+492129/575-0, Fax:+492129/575-250","42781, Haan, Kaiserstr. 37",nrw,www.stadt-sparkasse-haan.de,,,Sparkasse,,,,
Stadt-Sparkasse Langenfeld,info@sparkasse-langenfeld.de,"Tel:+492173/9090, Fax:+492173/909409","40764, Langenfeld, Solinger Strasse 51-59",nrw,www.sparkasse-langenfeld.de,,,Sparkasse,,,,
Stadt-Sparkasse Solingen,info@sparkasse-solingen.de,"Tel:+49212/286-0, Fax:+49212/286-3270","42651, Solingen, Kölner Str. 68-72",nrw,www.sparkasse-solingen.de,,,Sparkasse,,,,
Städtische Sparkasse zu Schwelm,internet@sparkasse-schwelm.de,"Tel:+492336/917-0, Fax:+492336/917-401","58332, Schwelm, Hauptstr. 63",nrw,www.sparkasse-schwelm.de,,,Sparkasse,,,,
Stadtsparkasse Bad Oeynhausen,info@sskbo.de,"Tel:+495731/160, Fax:+495731/163333","32545, Bad Oeynhausen, Portastr. 8 - 14",nrw,www.sskbo.de,,,Sparkasse,,,,
Stadtsparkasse Blomberg/Lippe,info@sparkasse-blomberg.de,"Tel:+495235/9650, Fax:+495235/965180","32825, Blomberg, Rosenstraße 5",nrw,www.sparkasse-blomberg.de,,,Sparkasse,,,,
Stadtsparkasse Bocholt,mailbox@ssk-bocholt.de,"Tel:+492871/97-0, Fax:+492871/97-204","46399, Bocholt, Markt 8",nrw,www.ssk-bocholt.de,,,Sparkasse,,,,
Stadtsparkasse Delbrück,info@sparkasse-delbrueck.de,"Tel:+495250/519-0, Fax:+495250/519-699","33129, Delbrück, Lange Str. 17",nrw,www.sparkasse-delbrueck.de,,,Sparkasse,,,,
Stadtsparkasse Düsseldorf,service@sskduesseldorf.de,"Tel:+49211/8781012, Fax:+49211/8786812","40212, Düsseldorf, Berliner Allee 33",nrw,www.sskduesseldorf.de,,,Sparkasse,,,,
Stadtsparkasse Emmerich-Rees,info@Stadtsparkasse-Emmerich-Rees.de,"Tel:+492822/76-0, Fax:+492822/76-200","46446, Emmerich, Agnetenstr. 3",nrw,www.Stadtsparkasse-Emmerich-Rees.de,,,Sparkasse,,,,
Stadtsparkasse Gevelsberg,mailbox@sparkasse-gevelsberg.de,"Tel:+492332/702-0, Fax:+492332/702-235","58285, Gevelsberg, Mittelstraße 2-4",nrw,www.sparkasse-gevelsberg.de,,,Sparkasse,,,,
Stadtsparkasse Gladbeck,sparkasse-gladbeck@s-web.de,"Tel:+492043/2710, Fax:+492043/271266","45964, Gladbeck, Friedrich-Ebert-Str. 2",nrw,www.s-web.de,,,Sparkasse,,,,
Stadtsparkasse Haltern am See,kontakt@sparkasse-haltern.de,"Tel:+492364/9360, Fax:+492364/936850","45721, Haltern am See, Koeppstr. 2",nrw,www.sparkasse-haltern.de,,,Sparkasse,,,,
Stadtsparkasse Herdecke,info@sparkasse-herdecke.de,"Tel:+492330/660, Fax:+492330/66244","58313, Herdecke, Stiftsstraße 7-13",nrw,www.sparkasse-herdecke.de,,,Sparkasse,,,,
Stadtsparkasse Hilchenbach,info@stadtsparkasse-hilchenbach.de,"Tel:+492733/2850, Fax:+492733/285119","57271, Hilchenbach, Markt 10 / 12",nrw,www.stadtsparkasse-hilchenbach.de,,,Sparkasse,,,,
Stadtsparkasse Lengerich,mailbox@ssk-lengerich.de,"Tel:+495481/802-0, Fax:+495481/802-222","49525, Lengerich, Rathausplatz 5-7",nrw,www.ssk-lengerich.de,,,Sparkasse,,,,
Stadtsparkasse Mönchengladbach,Gst.Marktstrasse@sparkasse-moenchengladbach.de,"Tel:+492161/2791440, Fax:+492161/2796044","41236, Mönchengladbach, Marktstraße 30-38",nrw,www.sparkasse-moenchengladbach.de,,,Sparkasse,,,,
Stadtsparkasse Oberhausen,info@stadtsparkasse-oberhausen.de,"Tel:+49208/8340, Fax:","46045, Oberhausen, Wörthstr. 12",nrw,www.stadtsparkasse-oberhausen.de,,,Sparkasse,,,,
Stadtsparkasse Porta Westfalica,gsholtrup@sskpw.de,"Tel:+495731/7605 0, Fax:+495731/7605-399","32457, Porta Westfalica, Twellsiekstr. 1",nrw,www.sskpw.de,,,Sparkasse,,,,
Stadtsparkasse Rahden,info@stadtsparkasse-rahden.de,"Tel:+495771/9720, Fax:","32369, Rahden, Gerichtsstr. 1",nrw,www.stadtsparkasse-rahden.de,,,Sparkasse,,,,
Stadtsparkasse Remscheid,info@stadtsparkasse-remscheid.de,"Tel:+492191/1660, Fax:+492191/166909","42853, Remscheid, Alleestr. 76-88",nrw,www.stadtsparkasse-remscheid.de,,,Sparkasse,,,,
Stadtsparkasse Schmallenberg,info@ssk-schmallenberg.de,"Tel:+492972/3040, Fax:+492972/304250","57392, Schmallenberg, Weststrasse 30-32",nrw,www.ssk-schmallenberg.de,,,Sparkasse,,,,
Stadtsparkasse Sprockhövel,email@spksp.de,"Tel:+492324/909-0, Fax:+492324/909-115","45549, Sprockhövel, Hauptstr. 68",nrw,www.spksp.de,,,Sparkasse,,,,
Stadtsparkasse Versmold,mailbox@stadtsparkasse-versmold.de,"Tel:+495423/208-0, Fax:+495423/208-199","33775, Versmold, Münsterstraße 15",nrw,www.stadtsparkasse-versmold.de,,,Sparkasse,,,,
Stadtsparkasse Wermelskirchen,info@sparkasse-wermelskirchen.de,"Tel:+492196/940-0, Fax:+492196/2070","42929, Wermelskirchen, Telegrafenstraße 5 - 9",nrw,www.sparkasse-wermelskirchen.de,,,Sparkasse,,,,
Stadtsparkasse Wetter (Ruhr),info@sparkasse-wetter.de,"Tel:+492335/83267, Fax:+492335/83258","58300, Wetter, Kaiserstr. 78",nrw,www.sparkasse-wetter.de,,,Sparkasse,,,,
Stadtsparkasse Wuppertal,info@sparkasse-wuppertal.de,"Tel:+49202/488-2424, Fax:+49202/488-7920","42103, Wuppertal, Islandufer 15",nrw,www.sparkasse-wuppertal.de,,,Sparkasse,,,,
Verbandssparkasse Goch-Kevelaer-Weeze,service@sparkasse-goch.de,"Tel:+492823/321-0, Fax:+492823/321-985","47574, Goch, Brückenstraße 35-37",nrw,www.sparkasse-goch.de,,,Sparkasse,,,,
VerbundSparkasse Emsdetten-Ochtrup,info@spkeo.de,"Tel:+492572/872-0, Fax:+492572/872-999","48282, Emsdetten, Kirchstraße 30-34",nrw,www.spkeo.de,,,Sparkasse,,,,
Vereinigte Sparkasse im Märkischen Kreis,post@spk-mk.de,"Tel:+492391/9294-0, Fax:+492391/9294-100","58840, Plettenberg, Sparkassenplatz 1",nrw,www.spk-mk.de,,,Sparkasse,,,,
Kreissparkasse Ahrweiler,ahrweiler@ksk-ahrweiler.de,"Tel:+492641/380-5000, Fax:+492641/380-95337","53474, Bad Neuenahr-Ahrweiler, Wilhelmstr. 1-7",rheinland-pfalz,www.ksk-ahrweiler.de,,,Sparkasse,,,,
Kreissparkasse Birkenfeld,info@ksk-birkenfeld.de,"Tel:+496782/9943-0, Fax:+496782/99432099","55765, Birkenfeld, Schneewiesenstr. 23",rheinland-pfalz,www.ksk-birkenfeld.de,,,Sparkasse,,,,
Kreissparkasse Bitburg-Prüm,mailbox@kskbitburg-pruem.de,"Tel:+496561/16-0, Fax:+496561/16-301","54634, Bitburg, Trierer Straße 46",rheinland-pfalz,www.kskbitburg-pruem.de,,,Sparkasse,,,,
Kreissparkasse Kaiserslautern,posteingang@kskkaiserslautern.de,"Tel:+49631/3636-0, Fax:+49631/3636-60000","67655, Kaiserslautern, Am Altenhof 12-14",rheinland-pfalz,www.kskkaiserslautern.de,,,Sparkasse,,,,
Kreissparkasse Kusel,info@ksk-kusel.de,"Tel:+496381/9110, Fax:+496381/911366","66869, Kusel, Gartenstr. 4",rheinland-pfalz,www.ksk-kusel.de,,,Sparkasse,,,,
Kreissparkasse Mayen,mail@kskmayen.de,"Tel:+492651/87-0, Fax:+492651/87-6282","56727, Mayen, St.-Veit-Str. 22-24",rheinland-pfalz,www.kskmayen.de,,,Sparkasse,,,,
Kreissparkasse Rhein-Hunsrück,mail@kskrhein-hunsrueck.de,"Tel:+496761/851-0, Fax:+496761/851-116","55469, Simmern, Vor dem Tor 1",rheinland-pfalz,www.kskrhein-hunsrueck.de,,,Sparkasse,,,,
Kreissparkasse Vulkaneifel,info@ksk-vulkaneifel.de,"Tel:+496592/9350, Fax:+496592/935-3100","54550, Daun, Leopoldstraße 13",rheinland-pfalz,www.ksk-vulkaneifel.de,,,Sparkasse,,,,
Nassauische Sparkasse,info@naspa.de,"Tel:+492604/9535-0, Fax:+492604/9535-56399","56377, Nassau, Schloßstr. 2",rheinland-pfalz,www.naspa.de,,,Sparkasse,,,,
Sparkasse Donnersberg,info@sparkasse-donnersberg.de,"Tel:+496352/402-0, Fax:+496352/402-2118","67292, Kirchheimbolanden, Vorstadt 41",rheinland-pfalz,www.sparkasse-donnersberg.de,,,Sparkasse,,,,
Sparkasse Germersheim-Kandel,info@sparkasse-ger-kandel.de,"Tel:+497275/961-0, Fax:+497275/961-222","76870, Kandel, Gartenstr. 3",rheinland-pfalz,www.sparkasse-ger-kandel.de,,,Sparkasse,,,,
Sparkasse Koblenz,info@sparkasse-koblenz.de,"Tel:+49261/393-0, Fax:+49261/393-2637","56068, Koblenz, Friedrich-Ebert-Ring 53",rheinland-pfalz,www.sparkasse-koblenz.de,,,Sparkasse,,,,
Sparkasse Mainz,info@sparkasse-mainz.de,"Tel:+496131/2009100, Fax:+496131/200830","55116, Mainz, Leichhof 17",rheinland-pfalz,www.sparkasse-mainz.de,,,Sparkasse,,,,
Sparkasse Mittelmosel - Eifel Mosel Hunsrück,info@sparkasse-emh.de,"Tel:+496531/959-3030, Fax:+496531/959-60550","54470, Bernkastel-Kues, Cusanusstraße 24a",rheinland-pfalz,www.sparkasse-emh.de,,,Sparkasse,,,,
Sparkasse Neuwied,marktbereich-hst@sparkasse-neuwied.de,"Tel:+492631/806-0, Fax:+492631/806-4829","56564, Neuwied, Hermannstraße 20",rheinland-pfalz,www.sparkasse-neuwied.de,,,Sparkasse,,,,
Sparkasse Rhein-Haardt,kontakt@sparkasse-rhein-haardt.de,"Tel:+496322/937-26380, Fax:+496322/937-26390","67433, Neustadt an der Weinstraße, Schütt 11",rheinland-pfalz,www.sparkasse-rhein-haardt.de,,,Sparkasse,,,,
Sparkasse Rhein-Nahe,info@sk-rhein-nahe.de,"Tel:+49671/94-0, Fax:+49671/9415555","55543, Bad Kreuznach, Kornmarkt 5",rheinland-pfalz,www.sk-rhein-nahe.de,,,Sparkasse,,,,
Sparkasse Südliche Weinstraße,info@sparkasse-suew.de,"Tel:+496341/18-0, Fax:+496341/18-7090","76829, Landau, Marie-Curie-Str. 5",rheinland-pfalz,www.sparkasse-suew.de,,,Sparkasse,,,,
Sparkasse Südwestpfalz,info@spk-swp.de,"Tel:+496331/542-0, Fax:+496331/542-1388","66953, Pirmasens, Bahnhofstr. 21-29",rheinland-pfalz,www.spk-swp.de,,,Sparkasse,,,,
Sparkasse Trier,kontakt@sparkasse-trier.de,"Tel:+49651/712-0, Fax:+49651/712-1580","54292, Trier, Theodor-Heuss-Allee 1",rheinland-pfalz,www.sparkasse-trier.de,,,Sparkasse,,,,
Sparkasse Vorderpfalz,kontakt@sparkasse-vorderpfalz.de,"Tel:+49621/5988-581, Fax:+49621/5988-219","67059, Ludwigshafen, Berliner Platz 2",rheinland-pfalz,www.sparkasse-vorderpfalz.de,,,Sparkasse,,,,
Sparkasse Westerwald-Sieg,info@skwws.de,"Tel:+492681/870, Fax:+492681/87449","57610, Altenkirchen, Schlossplatz 1",rheinland-pfalz,www.skwws.de,,,Sparkasse,,,,
Sparkasse Worms-Alzey-Ried,info@spkwo.de,"Tel:+496241/851-0, Fax:+496241/851-284","67547, Worms, Lutherring 15",rheinland-pfalz,www.spkwo.de,,,Sparkasse,,,,
Stadtsparkasse Bad Honnef,info@sparkasse-honnef.de,"Tel:+492224/181-0, Fax:+492224/181-154","53604, Bad Honnef, Hauptstr. 34",rheinland-pfalz,www.sparkasse-honnef.de,,,Sparkasse,,,,
Stadtsparkasse Kaiserslautern,info@sskkl.de,"Tel:+49631/32001-0, Fax:+49631/32001-9999","67655, Kaiserslautern, Stiftsplatz 10",rheinland-pfalz,www.sskkl.de,,,Sparkasse,,,,
Kreissparkasse Saarlouis,service@ksk-saarlouis.de,"Tel:+496831/4420, Fax:+496831/4421000","66740, Saarlouis, Großer Markt 8",saarland,www.ksk-saarlouis.de,,,Sparkasse,,,,
Kreissparkasse Saarpfalz,info-internetfiliale@ksk-saarpfalz.de,"Tel:+496841/1000, Fax:+496841/100300","66386, St Ingbert, Am Markt 3-5",saarland,www.ksk-saarpfalz.de,,,Sparkasse,,,,
Kreissparkasse St. Wendel,servicecenter@kskwnd.de,"Tel:+496851/151705, Fax:+496851/1599380","66606, St.Wendel, Bahnhofstraße 21-25",saarland,www.kskwnd.de,,,Sparkasse,,,,
Sparkasse Merzig-Wadern,Service@SparkasseMerzig-Wadern.de,"Tel:+496861/9919-44400, Fax:+496861/9919-944400","66663, Merzig, Schankstr. 7",saarland,www.SparkasseMerzig-Wadern.de,,,Sparkasse,,,,
Sparkasse Neunkirchen,service@spk-neunkirchen.de,"Tel:+496821/208-1, Fax:+496821/208-434","66538, Neunkirchen, Hammergraben 5",saarland,www.spk-neunkirchen.de,,,Sparkasse,,,,
Sparkasse Saarbrücken,service@sparkasse-saarbruecken.de,"Tel:+49681/504 0, Fax:","66117, Saarbrücken, Neumarkt 17",saarland,www.sparkasse-saarbruecken.de,,,Sparkasse,,,,
Stadtsparkasse Völklingen,info@stadtsparkasse-voelklingen.de,"Tel:+496898/140, Fax:","66333, Völklingen, Bismarckstr. 9",saarland,www.stadtsparkasse-voelklingen.de,,,Sparkasse,,,,
Kreissparkasse Bautzen,post@ksk-bautzen.de,"Tel:+493591/356761, Fax:+493591/356775","2625, Bautzen, Kornmarkt 1",sachsen,www.ksk-bautzen.de,,,Sparkasse,,,,
Kreissparkasse Döbeln,info@sparkasse-doebeln.de,"Tel:+493431/577-3, Fax:+493431/577-577","4720, Döbeln, Erich-Heckel-Platz 1",sachsen,www.sparkasse-doebeln.de,,,Sparkasse,,,,
Ostsächsische Sparkasse Dresden,e-mail@ostsaechsische-sparkasse-dresden.de,"Tel:+49351/455-0, Fax:+49351/455-48279","1099, Dresden, Königsbrücker Straße 20",sachsen,www.ostsaechsische-sparkasse-dresden.de,,,Sparkasse,,,,
Sparkasse Leipzig,info@sparkasse-leipzig.de,"Tel:+49341/986-0, Fax:","4277, Leipzig, Karl-Liebknecht-Straße 153-155",sachsen,www.sparkasse-leipzig.de,,,Sparkasse,,,,
Sparkasse Meißen,info@spkm.de,"Tel:+493525/5150-3100, Fax:+493525/5150-3111","1662, Meißen, Dr.-Eberle-Platz 1",sachsen,www.spkm.de,,,Sparkasse,,,,
Sparkasse Muldental,team.grimma-hauptstelle@spk-muldental.de,"Tel:+493437/991-2110, Fax:+493437/991-250","4668, Grimma, Straße des Friedens 25",sachsen,www.spk-muldental.de,,,Sparkasse,,,,
Sparkasse Oberlausitz-Niederschlesien,info@spk-on.de,"Tel:+493576/269-0, Fax:+493576/269-2111","2943, Weißwasser, Bahnhofstr. 12",sachsen,www.spk-on.de,,,Sparkasse,,,,
Harzsparkasse,wernigerode@harzsparkasse.de,"Tel:+493943/658-331000, Fax:+493941/43-499331099","38855, Wernigerode, Gustav-Petri-Str. 8",sachsen-anhalt,www.harzsparkasse.de,,,Sparkasse,,,,
Kreissparkasse Anhalt-Bitterfeld,info@ksk-anhalt-bitterfeld.de,"Tel:+493493/390, Fax:+493493/39-50590","6749, Bitterfeld-Wolfen(OT Bitterfeld), Lindenstraße 27",sachsen-anhalt,www.ksk-anhalt-bitterfeld.de,,,Sparkasse,,,,
Kreissparkasse Börde,if@kreissparkasse-boerde.de,"Tel:+493949/911-0, Fax:+493949/911-1100","39387, Oschersleben, Lindenstr. 17-18",sachsen-anhalt,www.kreissparkasse-boerde.de,,,Sparkasse,,,,
Kreissparkasse Stendal,info@ksk-stendal.de,"Tel:+493931/6730, Fax:+493931/673-393","39576, Stendal, Poststr. 3",sachsen-anhalt,www.ksk-stendal.de,,,Sparkasse,,,,
Saalesparkasse,info@saalesparkasse.de,"Tel:+49345/232-0721, Fax:+49345/232-0729","6108, Halle (Saale), Große Steinstraße 74",sachsen-anhalt,www.saalesparkasse.de,,,Sparkasse,,,,
Salzlandsparkasse,info@salzlandsparkasse.de,"Tel:+493925/99-0, Fax:+493925/99-12090","39418, Staßfurt, Lehrter Str. 15",sachsen-anhalt,www.salzlandsparkasse.de,,,Sparkasse,,,,
Sparkasse Altmark West,vgs-info@Spk-Altmark-West.de,"Tel:+493901/699-0, Fax:+493901/699-100","29410, Salzwedel, Wallstraße 1",sachsen-anhalt,www.Spk-Altmark-West.de,,,Sparkasse,,,,
Sparkasse Burgenlandkreis,info@spk-burgenlandkreis.de,"Tel:+493441/727-0, Fax:+493441/727-1212","6618, Naumburg, Topfmarkt 6",sachsen-anhalt,www.spk-burgenlandkreis.de,,,Sparkasse,,,,
Sparkasse Jerichower Land,zentrale@spk-jerichower-alnd.de,"Tel:+493921/928-420, Fax:+493921/928465","39307, Genthin, Brandenburger Str. 97",sachsen-anhalt,www.spk-jerichower-alnd.de,,,Sparkasse,,,,
Sparkasse Mansfeld-Südharz,info@sparkasse-msh.de,"Tel:+493475/6759118, Fax:","6295, Lutherstadt Eisleben, Münzgasse 11",sachsen-anhalt,www.sparkasse-msh.de,,,Sparkasse,,,,
Sparkasse Wittenberg,info@sparkasse-wittenberg.de,"Tel:+493491/462-0, Fax:+493491/462-555","6886, Lutherstadt Wittenberg, Am Alten Bahnhof 3",sachsen-anhalt,www.sparkasse-wittenberg.de,,,Sparkasse,,,,
Stadtsparkasse Dessau,vgs01@sparkasse-dessau.de,"Tel:+49340/2507-100, Fax:+49340/2507-301","6844, Dessau-Roßlau, Poststr. 8",sachsen-anhalt,www.sparkasse-dessau.de,,,Sparkasse,,,,
Stadtsparkasse Magdeburg,info@sparkasse-magdeburg.de,"Tel:+49391/25060, Fax:","39104, Magdeburg, Hasselbachplatz 3",sachsen-anhalt,www.sparkasse-magdeburg.de,,,Sparkasse,,,,
Bordesholmer Sparkasse,info@bordesholmer-sparkasse.de,"Tel:+494347/711-500, Fax:+494347/711-299","24582, Bordesholm, Bahnhofstraße 43 - 47",schleswig-holstein,www.bordesholmer-sparkasse.de,,,Sparkasse,,,,
Förde Sparkasse,info@foerde-sparkasse.de,"Tel:+49431/592-0, Fax:+49431/592-3669","24103, Kiel, Lorentzendamm 28 - 30",schleswig-holstein,www.foerde-sparkasse.de,,,Sparkasse,,,,
Kreissparkasse Herzogtum Lauenburg,info@ksk-ratzeburg.de,"Tel:+494541/88121130, Fax:+494541/88121139","23909, Ratzeburg, Am Markt 4-5",schleswig-holstein,www.ksk-ratzeburg.de,,,Sparkasse,,,,
Nord-Ostsee Sparkasse,info@nospa.de,"Tel:+49461/1500-5555, Fax:+49461/1500-5599","24937, Flensburg, Holm 22-28",schleswig-holstein,www.nospa.de,,,Sparkasse,,,,
Sparkasse Elmshorn,info@sparkasse-elmshorn.de,"Tel:+494121/292-0, Fax:+494121/292-300","25335, Elmshorn, Königstraße 21",schleswig-holstein,www.sparkasse-elmshorn.de,,,Sparkasse,,,,
Sparkasse Hennstedt-Wesselburen,kontakt@spk-hennstedt-wesselburen.de,"Tel:+494833/499-0, Fax:+494833/499-77","25764, Wesselburen, Am Markt 14",schleswig-holstein,www.spk-hennstedt-wesselburen.de,,,Sparkasse,,,,
Sparkasse Hohenwestedt,info@spk-hohenwestedt.de,"Tel:+494871/4040, Fax:+494871/404509","24594, Hohenwestedt, Lindenstr. 32",schleswig-holstein,www.spk-hohenwestedt.de,,,Sparkasse,,,,
Sparkasse Holstein,info@sparkasse-holstein.de,"Tel:+494531/508-0, Fax:+494531/508-1","23701, Eutin, Am Rosengarten 3",schleswig-holstein,www.sparkasse-holstein.de,,,Sparkasse,,,,
Sparkasse Mittelholstein AG,service@spk-mittelholstein.de,"Tel:+494331/5950, Fax:+494331/5958230","24768, Rendsburg, Röhlingsplatz 1",schleswig-holstein,www.spk-mittelholstein.de,,,Sparkasse,,,,
Sparkasse Südholstein,service@spk-suedholstein.de,"Tel:+49800/1010181, Fax:+49800/1010182","25421, Pinneberg, Friedrich-Ebert-Str. 33",schleswig-holstein,www.spk-suedholstein.de,,,Sparkasse,,,,
Sparkasse Westholstein,info@spk-westholstein.de,"Tel:+494821/604-2510, Fax:+494821/604-392510","25524, Itzehoe, Dithmarscher Platz 2",schleswig-holstein,www.spk-westholstein.de,,,Sparkasse,,,,
Sparkasse zu Lübeck AG,info@sparkasse-luebeck.de,"Tel:+49451/147-147, Fax:+49451/147428","23552, Lübeck, Breite Straße 18 - 28",schleswig-holstein,www.sparkasse-luebeck.de,,,Sparkasse,,,,
Stadtsparkasse Wedel,gs.gorch-fock-strasse@sparkasse-wedel.de,"Tel:+494103/966255, Fax:+494103/966287","22880, Wedel, Gorch-Fock-Str. 2",schleswig-holstein,www.sparkasse-wedel.de,,,Sparkasse,,,,
Erzgebirgssparkasse,info@erzgebirgssparkasse.de,"Tel:+493733/139-0, Fax:+493733/139-4000","8280, Aue, Altmarkt 6",thueringen,www.erzgebirgssparkasse.de,,,Sparkasse,,,,
Kreissparkasse Eichsfeld,e-mail@kreissparkasse-eichsfeld.de,"Tel:+493606/6090, Fax:+493606/6092190","37308, Heilbad Heiligenstadt, Petristraße 68a",thueringen,www.kreissparkasse-eichsfeld.de,,,Sparkasse,,,,
Kreissparkasse Gotha,info@ksk-gotha.de,"Tel:+493621/221-0, Fax:+493621/221-4400","99867, Gotha, Lutherstr. 2-4",thueringen,www.ksk-gotha.de,,,Sparkasse,,,,
Kreissparkasse Hildburghausen,info@sparkasse-hildburghausen.de,"Tel:+493685/7750, Fax:+493685/775109","98646, Hildburghausen, Friedrich-Rückert-Str. 14-18",thueringen,www.sparkasse-hildburghausen.de,,,Sparkasse,,,,
Kreissparkasse Nordhausen,info@kskndh.de,"Tel:+493631/428-0, Fax:+493631/428-428","99734, Nordhausen, Kornmarkt 9",thueringen,www.kskndh.de,,,Sparkasse,,,,
Kreissparkasse Saale-Orla,webinfo@ksk-saale-orla.de,"Tel:+493663/4610, Fax:+493663/414141","7907, Schleiz, Am Sparkassenplatz 1",thueringen,www.ksk-saale-orla.de,,,Sparkasse,,,,
Kreissparkasse Saalfeld-Rudolstadt,info@sparkasse-saalfeld-rudolstadt.de,"Tel:+493672/888-800, Fax:+493672/888-805","7407, Rudolstadt, Markt 8",thueringen,www.sparkasse-saalfeld-rudolstadt.de,,,Sparkasse,,,,
Kyffhäusersparkasse Artern-Sondershausen,internet@kyffhaeusersparkasse.de,"Tel:+493632/6580, Fax:+493632/658414","99706, Sondershausen, Ulrich-von-Hutten-Straße 19",thueringen,www.kyffhaeusersparkasse.de,,,Sparkasse,,,,
Rhön-Rennsteig-Sparkasse,info@rhoen-rennsteig-sparkasse.de,"Tel:+493693/468 0, Fax:+493693/468-2519","98574, Schmalkalden, Entenplan 13",thueringen,www.rhoen-rennsteig-sparkasse.de,,,Sparkasse,,,,
Sparkasse Altenburger Land,info@sparkasse-altenburgerland.de,"Tel:+493447/596-0, Fax:+493447/596-373","4600, Altenburg, Kornmarkt 1",thueringen,www.sparkasse-altenburgerland.de,,,Sparkasse,,,,
Sparkasse Arnstadt-Ilmenau,sparkasse@spk-arnstadt-ilmenau.de,"Tel:+493677/660-8000, Fax:+493677/660-595800","98693, Ilmenau, An der Sparkasse 1-3",thueringen,www.spk-arnstadt-ilmenau.de,,,Sparkasse,,,,
Sparkasse Chemnitz,sc.direct@spk-chemnitz.de,"Tel:+49371/99-51010, Fax:","9111, Chemnitz, Bahnhofstr. 51",thueringen,www.spk-chemnitz.de,,,Sparkasse,,,,
Sparkasse Gera-Greiz,info@spk-gera-greiz.de,"Tel:+49365/8220-0, Fax:+49365/8220-88331","7545, Gera, Schloßstraße 11",thueringen,www.spk-gera-greiz.de,,,Sparkasse,,,,
Sparkasse Jena-Saale-Holzland,info@s-jena.de,"Tel:+493641/679 0, Fax:+493641/679179","7745, Jena, Schillerstr. 3",thueringen,www.s-jena.de,,,Sparkasse,,,,
Sparkasse Mittelsachsen,andre.dienel@sparkasse-mittelsachsen.de,"Tel:+493731/25-1184, Fax:+493731/25-1180","9599, Freiberg, Poststr. 1a",thueringen,www.sparkasse-mittelsachsen.de,,,Sparkasse,,,,
Sparkasse Mittelthüringen,info@sparkasse-mittelthueringen.de,"Tel:+493643/236-19701, Fax:+493643/236-48709","99423, Weimar, Graben 4",thueringen,www.sparkasse-mittelthueringen.de,,,Sparkasse,,,,
Sparkasse Sonneberg,info@spkson.de,"Tel:+493675/8880, Fax:+493675/888444","96515, Sonneberg, Bahnhofstr. 61",thueringen,www.spkson.de,,,Sparkasse,,,,
Sparkasse Unstrut-Hainich,info@spk-uh.de,"Tel:+493601/495628, Fax:+493601/495612","99947, Bad Langensalza, Wiebeckplatz 9",thueringen,www.spk-uh.de,,,Sparkasse,,,,
Sparkasse Vogtland,info@sparkasse-vogtland.de,"Tel:+493741/123-0, Fax:+493741/123-1299","8527, Plauen, Komturhof 2",thueringen,www.sparkasse-vogtland.de,,,Sparkasse,,,,
Sparkasse Zwickau,info@spk-zwickau.de,"Tel:+49375/323 5041, Fax:+49375/323 235059","8066, Zwickau, Kosmonautenstr. 1",thueringen,www.spk-zwickau.de,,,Sparkasse,,,,
Wartburg-Sparkasse,info@wartburg-sparkasse.de,"Tel:+493691/6850, Fax:+493691/685238","36433, Bad Salzungen, Ratsstraße 14-16",thueringen,www.wartburg-sparkasse.de,,,Sparkasse,,,,